customer_id,order_date,sales_amount,region
CUST_008,2023-01-01,418.12,East
CUST_004,2023-01-01,221.87,East
CUST_063,2023-01-01,255.69,West
CUST_019,2023-01-01,724.11,East
CUST_057,2023-01-01,83.42,North
CUST_022,2023-01-01,348.71,West
CUST_089,2023-01-02,424.66,South
CUST_038,2023-01-02,246.72,North
CUST_057,2023-01-03,103.52,South
CUST_014,2023-01-03,279.66,West
CUST_082,2023-01-03,321.21,North
CUST_004,2023-01-04,447.35,East
CUST_120,2023-01-04,126.57,East
CUST_077,2023-01-05,71.61,South
CUST_110,2023-01-05,157.32,East
CUST_072,2023-01-05,97.01,South
CUST_075,2023-01-06,782.05,South
CUST_014,2023-01-06,241.24,West
CUST_114,2023-01-06,206.46,East
CUST_050,2023-01-06,171.99,East
CUST_006,2023-01-06,370.67,East
CUST_044,2023-01-06,37.51,East
CUST_113,2023-01-07,411.01,West
CUST_032,2023-01-07,152.51,South
CUST_062,2023-01-07,387.2,North
CUST_069,2023-01-08,276.25,West
CUST_047,2023-01-08,56.51,South
CUST_111,2023-01-08,294.87,East
CUST_047,2023-01-08,218.52,South
CUST_029,2023-01-09,385.17,West
CUST_039,2023-01-09,325.82,West
CUST_113,2023-01-10,37.39,West
CUST_034,2023-01-10,177.03,South
CUST_046,2023-01-10,421.77,West
CUST_098,2023-01-10,433.4,East
CUST_117,2023-01-11,283.74,South
CUST_021,2023-01-11,688.72,East
CUST_057,2023-01-12,109.62,South
CUST_038,2023-01-12,166.43,North
CUST_070,2023-01-12,256.66,South
CUST_115,2023-01-12,241.9,South
CUST_014,2023-01-13,281.03,North
CUST_074,2023-01-13,278.72,West
CUST_078,2023-01-13,79.39,South
CUST_026,2023-01-13,303.17,South
CUST_045,2023-01-13,731.64,West
CUST_028,2023-01-13,335.61,West
CUST_100,2023-01-13,257.03,North
CUST_089,2023-01-14,567.4,South
CUST_038,2023-01-14,365.91,East
CUST_004,2023-01-14,582.24,West
CUST_055,2023-01-14,112.39,North
CUST_088,2023-01-15,311.63,West
CUST_072,2023-01-15,373.06,South
CUST_039,2023-01-15,261.55,East
CUST_061,2023-01-16,375.73,North
CUST_060,2023-01-16,444.65,West
CUST_113,2023-01-16,99.48,North
CUST_015,2023-01-17,547.94,West
CUST_032,2023-01-17,232.03,East
CUST_103,2023-01-18,260.8,West
CUST_016,2023-01-18,130.89,West
CUST_074,2023-01-18,276.67,West
CUST_116,2023-01-19,131.95,North
CUST_049,2023-01-19,51.87,East
CUST_017,2023-01-19,222.02,East
CUST_082,2023-01-19,216.39,West
CUST_066,2023-01-20,176.19,East
CUST_029,2023-01-21,226.86,South
CUST_066,2023-01-21,425.53,West
CUST_079,2023-01-21,484.38,North
CUST_027,2023-01-21,256.04,North
CUST_099,2023-01-22,283.84,North
CUST_066,2023-01-22,43.34,East
CUST_073,2023-01-22,163.69,South
CUST_030,2023-01-22,437.74,South
CUST_100,2023-01-24,243.53,East
CUST_052,2023-01-25,326.05,East
CUST_006,2023-01-25,109.42,North
CUST_075,2023-01-25,398.77,West
CUST_097,2023-01-25,195.05,North
CUST_064,2023-01-25,247.93,West
CUST_013,2023-01-25,258.13,East
CUST_069,2023-01-25,345.74,West
CUST_111,2023-01-26,258.38,East
CUST_081,2023-01-26,129.68,South
CUST_038,2023-01-27,347.61,North
CUST_082,2023-01-27,307.22,South
CUST_090,2023-01-27,324.89,North
CUST_048,2023-01-27,109.52,North
CUST_119,2023-01-28,130.47,North
CUST_030,2023-01-28,441.43,East
CUST_113,2023-01-29,564.77,North
CUST_069,2023-01-29,302.96,South
CUST_114,2023-01-29,487.0,South
CUST_047,2023-01-30,209.16,North
CUST_065,2023-01-30,268.79,North
CUST_066,2023-01-30,324.85,East
CUST_004,2023-01-30,134.44,East
CUST_036,2023-01-31,246.73,East
CUST_080,2023-01-31,205.08,North
CUST_065,2023-02-01,486.1,North
CUST_048,2023-02-01,504.79,West
CUST_013,2023-02-01,431.05,South
CUST_059,2023-02-02,92.77,West
CUST_097,2023-02-03,353.31,West
CUST_068,2023-02-04,618.49,West
CUST_059,2023-02-04,170.02,East
CUST_017,2023-02-04,351.5,South
CUST_006,2023-02-04,122.5,South
CUST_090,2023-02-05,76.42,East
CUST_049,2023-02-05,384.64,North
CUST_067,2023-02-06,332.02,South
CUST_089,2023-02-07,136.38,North
CUST_071,2023-02-07,192.38,South
CUST_091,2023-02-08,210.97,South
CUST_028,2023-02-08,518.38,East
CUST_012,2023-02-08,116.19,West
CUST_081,2023-02-08,150.08,South
CUST_038,2023-02-08,377.27,West
CUST_023,2023-02-09,288.91,West
CUST_019,2023-02-09,330.29,South
CUST_067,2023-02-09,142.75,East
CUST_047,2023-02-10,447.3,South
CUST_053,2023-02-10,246.47,East
CUST_058,2023-02-11,105.24,East
CUST_099,2023-02-11,350.68,North
CUST_060,2023-02-11,160.29,South
CUST_015,2023-02-12,365.37,South
CUST_110,2023-02-12,158.61,North
CUST_003,2023-02-12,568.1,North
CUST_117,2023-02-12,725.69,North
CUST_072,2023-02-12,278.9,North
CUST_010,2023-02-13,404.8,South
CUST_114,2023-02-13,470.83,North
CUST_075,2023-02-13,167.14,East
CUST_104,2023-02-13,267.38,West
CUST_089,2023-02-13,447.74,South
CUST_010,2023-02-14,326.16,North
CUST_096,2023-02-14,24.97,West
CUST_048,2023-02-14,109.4,East
CUST_114,2023-02-14,238.77,South
CUST_006,2023-02-14,208.64,West
CUST_031,2023-02-15,292.06,East
CUST_024,2023-02-15,305.69,South
CUST_058,2023-02-16,218.98,East
CUST_040,2023-02-16,340.16,South
CUST_075,2023-02-17,92.31,South
CUST_099,2023-02-17,218.86,North
CUST_060,2023-02-17,148.06,South
CUST_050,2023-02-17,615.49,North
CUST_111,2023-02-17,669.8,North
CUST_008,2023-02-18,202.84,North
CUST_009,2023-02-18,145.19,East
CUST_096,2023-02-18,776.94,North
CUST_076,2023-02-19,249.06,North
CUST_100,2023-02-19,657.07,East
CUST_078,2023-02-19,348.97,North
CUST_051,2023-02-19,259.91,West
CUST_093,2023-02-19,511.07,North
CUST_017,2023-02-21,127.05,East
CUST_056,2023-02-21,75.27,North
CUST_120,2023-02-21,33.51,West
CUST_106,2023-02-21,687.34,South
CUST_025,2023-02-22,224.73,East
CUST_075,2023-02-22,205.6,North
CUST_040,2023-02-23,351.8,East
CUST_102,2023-02-23,165.43,West
CUST_048,2023-02-23,227.63,East
CUST_072,2023-02-23,148.82,South
CUST_093,2023-02-23,88.85,North
CUST_007,2023-02-23,277.16,North
CUST_067,2023-02-25,327.75,North
CUST_035,2023-02-25,548.15,East
CUST_085,2023-02-25,296.7,East
CUST_012,2023-02-25,45.43,East
CUST_115,2023-02-25,400.47,North
CUST_106,2023-02-25,288.87,South
CUST_011,2023-02-26,232.97,East
CUST_114,2023-02-27,495.0,West
CUST_063,2023-02-27,620.59,South
CUST_036,2023-02-27,41.86,South
CUST_062,2023-02-27,443.16,North
CUST_074,2023-02-27,436.29,North
CUST_109,2023-02-28,349.2,South
CUST_066,2023-02-28,104.85,East
CUST_007,2023-02-28,334.85,West
CUST_044,2023-02-28,170.21,West
CUST_031,2023-02-28,701.22,West
CUST_114,2023-03-01,345.43,North
CUST_026,2023-03-01,343.26,East
CUST_035,2023-03-01,46.64,West
CUST_033,2023-03-02,401.42,South
CUST_060,2023-03-02,237.66,East
CUST_096,2023-03-02,242.7,East
CUST_048,2023-03-02,169.69,East
CUST_002,2023-03-03,129.86,North
CUST_097,2023-03-03,280.82,South
CUST_097,2023-03-04,152.25,South
CUST_074,2023-03-04,108.83,North
CUST_066,2023-03-04,211.74,West
CUST_113,2023-03-05,223.07,East
CUST_090,2023-03-05,175.96,South
CUST_036,2023-03-05,580.83,North
CUST_007,2023-03-05,115.29,East
CUST_024,2023-03-06,447.14,South
CUST_029,2023-03-06,305.83,East
CUST_111,2023-03-06,394.11,East
CUST_086,2023-03-06,127.85,East
CUST_063,2023-03-06,397.24,South
CUST_009,2023-03-07,227.89,South
CUST_047,2023-03-07,323.67,South
CUST_110,2023-03-08,140.01,North
CUST_003,2023-03-08,187.96,East
CUST_022,2023-03-09,268.7,East
CUST_113,2023-03-09,101.67,East
CUST_048,2023-03-09,489.05,North
CUST_102,2023-03-09,130.92,East
CUST_097,2023-03-10,706.93,West
CUST_013,2023-03-10,599.79,North
CUST_098,2023-03-10,693.96,South
CUST_001,2023-03-10,398.48,South
CUST_027,2023-03-10,265.22,South
CUST_049,2023-03-10,168.06,East
CUST_060,2023-03-11,208.9,East
CUST_051,2023-03-11,191.68,North
CUST_097,2023-03-11,498.52,North
CUST_019,2023-03-12,421.99,North
CUST_012,2023-03-12,303.08,West
CUST_074,2023-03-12,321.34,North
CUST_118,2023-03-12,207.35,East
CUST_007,2023-03-12,530.51,West
CUST_096,2023-03-12,239.84,East
CUST_117,2023-03-13,103.36,South
CUST_042,2023-03-13,81.13,East
CUST_085,2023-03-13,222.4,South
CUST_104,2023-03-13,202.4,West
CUST_058,2023-03-13,308.43,North
CUST_056,2023-03-13,185.9,South
CUST_100,2023-03-14,296.12,West
CUST_090,2023-03-14,349.77,South
CUST_019,2023-03-14,320.66,East
CUST_060,2023-03-14,541.21,South
CUST_094,2023-03-14,473.74,East
CUST_010,2023-03-14,426.33,South
CUST_088,2023-03-14,223.6,West
CUST_002,2023-03-14,388.13,West
CUST_113,2023-03-14,634.54,South
CUST_043,2023-03-15,103.14,South
CUST_070,2023-03-15,100.78,West
CUST_078,2023-03-15,16.85,North
CUST_027,2023-03-15,459.41,South
CUST_079,2023-03-16,464.12,North
CUST_033,2023-03-16,941.19,East
CUST_026,2023-03-16,209.69,West
CUST_017,2023-03-16,517.72,East
CUST_039,2023-03-17,98.28,North
CUST_001,2023-03-17,308.17,North
CUST_077,2023-03-17,161.42,West
CUST_077,2023-03-17,193.41,East
CUST_089,2023-03-17,412.56,North
CUST_083,2023-03-17,52.69,South
CUST_009,2023-03-18,817.48,West
CUST_114,2023-03-18,133.54,West
CUST_086,2023-03-19,704.08,South
CUST_026,2023-03-19,228.0,South
CUST_056,2023-03-20,256.68,North
CUST_056,2023-03-20,411.56,North
CUST_020,2023-03-20,286.1,East
CUST_039,2023-03-20,448.6,North
CUST_113,2023-03-20,163.45,South
CUST_051,2023-03-20,235.35,East
CUST_023,2023-03-20,166.56,North
CUST_007,2023-03-20,208.51,South
CUST_001,2023-03-22,347.68,East
CUST_077,2023-03-23,137.08,North
CUST_017,2023-03-23,321.88,West
CUST_052,2023-03-23,205.33,North
CUST_031,2023-03-23,221.44,North
CUST_061,2023-03-23,214.39,East
CUST_059,2023-03-24,189.4,South
CUST_097,2023-03-24,219.51,South
CUST_010,2023-03-24,141.88,North
CUST_099,2023-03-24,222.96,North
CUST_033,2023-03-25,42.85,South
CUST_042,2023-03-26,443.74,North
CUST_096,2023-03-26,573.75,South
CUST_045,2023-03-26,111.42,East
CUST_105,2023-03-27,289.91,West
CUST_074,2023-03-27,380.84,South
CUST_023,2023-03-28,37.9,North
CUST_118,2023-03-28,403.94,East
CUST_078,2023-03-28,196.65,West
CUST_084,2023-03-28,84.76,West
CUST_073,2023-03-28,372.73,East
CUST_094,2023-03-29,419.03,North
CUST_085,2023-03-29,371.0,North
CUST_030,2023-03-29,254.14,South
CUST_112,2023-03-29,62.6,West
CUST_099,2023-03-30,121.18,West
CUST_044,2023-03-30,217.94,West
CUST_105,2023-03-31,347.3,South
CUST_066,2023-03-31,395.09,North
CUST_067,2023-03-31,524.08,West
CUST_044,2023-03-31,315.4,West
CUST_047,2023-03-31,434.71,East
CUST_023,2023-03-31,273.13,East
CUST_009,2023-03-31,369.52,North
CUST_051,2023-04-01,285.18,South
CUST_043,2023-04-01,280.16,West
CUST_061,2023-04-02,569.26,South
CUST_089,2023-04-02,405.8,North
CUST_044,2023-04-02,820.32,West
CUST_054,2023-04-02,158.22,South
CUST_062,2023-04-03,350.6,North
CUST_079,2023-04-03,583.91,North
CUST_001,2023-04-03,177.36,West
CUST_053,2023-04-03,505.22,West
CUST_105,2023-04-03,542.77,North
CUST_115,2023-04-03,391.56,West
CUST_022,2023-04-03,192.1,West
CUST_076,2023-04-04,596.8,West
CUST_096,2023-04-04,458.87,East
CUST_021,2023-04-04,104.16,North
CUST_110,2023-04-04,260.26,South
CUST_019,2023-04-05,175.95,West
CUST_055,2023-04-05,171.69,East
CUST_116,2023-04-06,77.96,North
CUST_010,2023-04-06,173.68,East
CUST_078,2023-04-06,506.73,East
CUST_052,2023-04-06,493.96,North
CUST_026,2023-04-06,450.65,East
CUST_073,2023-04-07,307.19,East
CUST_064,2023-04-07,359.46,East
CUST_103,2023-04-07,496.97,East
CUST_110,2023-04-07,198.31,East
CUST_088,2023-04-07,309.71,North
CUST_074,2023-04-08,264.49,North
CUST_066,2023-04-08,332.06,North
CUST_085,2023-04-08,325.12,North
CUST_024,2023-04-08,275.99,East
CUST_048,2023-04-09,304.41,East
CUST_120,2023-04-09,112.11,West
CUST_095,2023-04-11,239.49,South
CUST_109,2023-04-11,326.38,North
CUST_021,2023-04-11,528.92,South
CUST_034,2023-04-11,163.41,West
CUST_002,2023-04-11,303.09,South
CUST_099,2023-04-12,411.28,East
CUST_096,2023-04-13,139.85,North
CUST_062,2023-04-13,314.43,North
CUST_012,2023-04-13,259.18,North
CUST_010,2023-04-14,215.68,South
CUST_004,2023-04-14,377.39,West
CUST_024,2023-04-14,205.98,West
CUST_049,2023-04-15,662.64,West
CUST_040,2023-04-15,155.01,North
CUST_012,2023-04-15,519.47,East
CUST_062,2023-04-16,131.44,North
CUST_012,2023-04-16,363.93,East
CUST_065,2023-04-16,192.85,East
CUST_108,2023-04-16,103.89,South
CUST_045,2023-04-16,482.68,South
CUST_100,2023-04-17,132.06,North
CUST_008,2023-04-17,158.58,West
CUST_031,2023-04-17,248.2,South
CUST_082,2023-04-18,112.09,South
CUST_025,2023-04-18,278.04,West
CUST_032,2023-04-18,281.97,South
CUST_001,2023-04-18,123.61,North
CUST_104,2023-04-19,131.18,South
CUST_046,2023-04-19,265.53,West
CUST_020,2023-04-19,320.55,West
CUST_057,2023-04-19,36.26,East
CUST_092,2023-04-20,114.45,North
CUST_046,2023-04-20,232.38,East
CUST_044,2023-04-20,126.18,West
CUST_003,2023-04-21,127.01,West
CUST_105,2023-04-21,131.47,North
CUST_062,2023-04-21,552.1,East
CUST_079,2023-04-21,258.26,East
CUST_021,2023-04-21,419.46,West
CUST_059,2023-04-21,76.05,East
CUST_060,2023-04-21,254.78,East
CUST_089,2023-04-21,392.28,West
CUST_029,2023-04-22,447.01,South
CUST_082,2023-04-22,553.66,West
CUST_104,2023-04-22,495.39,North
CUST_020,2023-04-22,177.65,West
CUST_098,2023-04-22,198.81,North
CUST_079,2023-04-22,112.3,North
CUST_089,2023-04-22,917.11,East
CUST_116,2023-04-23,108.1,South
CUST_010,2023-04-23,107.42,South
CUST_050,2023-04-23,22.89,North
CUST_071,2023-04-23,289.46,North
CUST_054,2023-04-23,48.59,West
CUST_079,2023-04-24,492.33,North
CUST_009,2023-04-24,296.76,East
CUST_050,2023-04-24,290.77,North
CUST_076,2023-04-24,256.23,North
CUST_047,2023-04-25,233.51,South
CUST_105,2023-04-25,178.16,West
CUST_066,2023-04-25,231.29,West
CUST_056,2023-04-26,95.28,West
CUST_010,2023-04-26,280.41,East
CUST_020,2023-04-26,133.57,West
CUST_108,2023-04-26,165.58,West
CUST_087,2023-04-26,195.43,East
CUST_119,2023-04-27,127.55,North
CUST_037,2023-04-27,137.48,East
CUST_061,2023-04-27,165.07,North
CUST_112,2023-04-27,277.85,East
CUST_062,2023-04-28,194.43,South
CUST_024,2023-04-28,383.3,South
CUST_103,2023-04-28,271.23,East
CUST_053,2023-04-28,309.59,West
CUST_092,2023-04-28,376.38,North
CUST_033,2023-04-29,49.41,South
CUST_093,2023-04-30,113.43,West
CUST_087,2023-04-30,169.64,West
CUST_075,2023-04-30,223.11,North
CUST_064,2023-05-01,570.08,North
CUST_053,2023-05-01,339.65,East
CUST_033,2023-05-01,209.7,North
CUST_095,2023-05-02,52.18,East
CUST_073,2023-05-02,220.8,North
CUST_016,2023-05-02,236.43,North
CUST_025,2023-05-02,223.59,West
CUST_111,2023-05-03,351.14,East
CUST_003,2023-05-03,153.44,West
CUST_002,2023-05-03,164.11,North
CUST_114,2023-05-03,145.19,West
CUST_072,2023-05-04,113.92,South
CUST_037,2023-05-04,111.42,West
CUST_096,2023-05-05,272.2,West
CUST_033,2023-05-05,498.54,North
CUST_070,2023-05-05,216.38,West
CUST_062,2023-05-05,252.7,West
CUST_025,2023-05-05,210.68,East
CUST_044,2023-05-05,402.15,West
CUST_099,2023-05-06,352.65,West
CUST_040,2023-05-06,295.62,East
CUST_065,2023-05-06,778.93,West
CUST_115,2023-05-06,420.33,North
CUST_020,2023-05-06,541.14,East
CUST_084,2023-05-07,188.37,North
CUST_103,2023-05-07,586.29,East
CUST_071,2023-05-07,220.21,North
CUST_040,2023-05-07,50.59,East
CUST_083,2023-05-08,461.63,North
CUST_099,2023-05-08,1023.99,South
CUST_037,2023-05-08,234.46,North
CUST_040,2023-05-08,592.02,West
CUST_042,2023-05-08,523.07,East
CUST_014,2023-05-09,426.88,East
CUST_048,2023-05-09,137.32,East
CUST_108,2023-05-09,237.27,East
CUST_091,2023-05-09,439.52,West
CUST_082,2023-05-09,241.96,East
CUST_068,2023-05-09,316.38,South
CUST_019,2023-05-09,421.26,West
CUST_109,2023-05-09,234.29,North
CUST_102,2023-05-10,113.37,South
CUST_017,2023-05-10,230.94,North
CUST_082,2023-05-10,129.12,West
CUST_012,2023-05-10,577.26,South
CUST_098,2023-05-10,319.36,North
CUST_025,2023-05-10,189.53,South
CUST_013,2023-05-10,208.56,East
CUST_046,2023-05-10,247.8,North
CUST_106,2023-05-11,303.88,South
CUST_106,2023-05-11,265.76,East
CUST_003,2023-05-12,151.89,West
CUST_047,2023-05-12,352.4,West
CUST_002,2023-05-12,106.75,South
CUST_095,2023-05-12,225.32,South
CUST_053,2023-05-12,364.02,North
CUST_018,2023-05-14,383.25,East
CUST_119,2023-05-14,441.9,North
CUST_003,2023-05-14,289.3,East
CUST_098,2023-05-14,217.92,East
CUST_033,2023-05-14,103.79,East
CUST_020,2023-05-15,58.33,East
CUST_002,2023-05-15,227.52,South
CUST_015,2023-05-15,456.23,East
CUST_062,2023-05-15,287.45,East
CUST_048,2023-05-16,225.37,West
CUST_101,2023-05-16,22.49,East
CUST_037,2023-05-16,162.47,South
CUST_040,2023-05-17,470.46,South
CUST_037,2023-05-17,80.34,West
CUST_017,2023-05-17,441.37,North
CUST_116,2023-05-17,94.07,East
CUST_099,2023-05-17,292.61,North
CUST_097,2023-05-17,165.47,North
CUST_058,2023-05-18,180.03,East
CUST_062,2023-05-18,419.97,East
CUST_017,2023-05-18,89.5,East
CUST_014,2023-05-19,80.9,South
CUST_028,2023-05-19,339.24,South
CUST_098,2023-05-19,458.34,East
CUST_082,2023-05-19,496.32,East
CUST_088,2023-05-20,288.29,South
CUST_076,2023-05-20,667.04,South
CUST_017,2023-05-20,108.12,East
CUST_010,2023-05-20,220.92,North
CUST_008,2023-05-21,224.03,East
CUST_027,2023-05-21,209.89,West
CUST_097,2023-05-21,111.0,North
CUST_054,2023-05-21,238.63,South
CUST_074,2023-05-22,274.97,South
CUST_051,2023-05-23,352.04,North
CUST_084,2023-05-23,268.48,North
CUST_057,2023-05-23,607.41,East
CUST_046,2023-05-24,153.11,West
CUST_104,2023-05-24,154.02,East
CUST_100,2023-05-24,626.01,South
CUST_045,2023-05-24,116.57,West
CUST_072,2023-05-24,441.61,North
CUST_016,2023-05-24,401.67,East
CUST_096,2023-05-24,65.19,West
CUST_096,2023-05-25,395.19,East
CUST_109,2023-05-25,146.07,North
CUST_115,2023-05-26,162.88,West
CUST_028,2023-05-26,47.38,East
CUST_086,2023-05-26,207.8,East
CUST_114,2023-05-26,58.59,South
CUST_094,2023-05-26,251.25,South
CUST_109,2023-05-27,365.97,West
CUST_074,2023-05-27,401.89,East
CUST_053,2023-05-27,251.51,East
CUST_030,2023-05-27,288.03,East
CUST_011,2023-05-27,124.47,South
CUST_005,2023-05-28,756.97,West
CUST_047,2023-05-28,743.22,East
CUST_067,2023-05-28,206.27,South
CUST_019,2023-05-28,320.85,South
CUST_069,2023-05-29,819.43,West
CUST_064,2023-05-29,324.4,South
CUST_080,2023-05-30,283.42,North
CUST_090,2023-05-30,437.1,West
CUST_092,2023-05-30,444.47,South
CUST_030,2023-05-30,107.99,West
CUST_060,2023-05-31,168.94,South
CUST_050,2023-05-31,166.46,North
CUST_097,2023-06-01,166.84,North
CUST_008,2023-06-01,350.96,West
CUST_095,2023-06-01,421.5,West
CUST_017,2023-06-02,430.2,West
CUST_103,2023-06-02,197.7,North
CUST_068,2023-06-03,359.09,East
CUST_118,2023-06-03,99.38,East
CUST_013,2023-06-03,282.5,South
CUST_032,2023-06-03,158.49,East
CUST_050,2023-06-04,368.13,North
CUST_039,2023-06-04,259.84,South
CUST_079,2023-06-04,269.34,South
CUST_014,2023-06-04,361.06,South
CUST_013,2023-06-04,113.79,South
CUST_042,2023-06-04,242.67,West
CUST_093,2023-06-05,328.72,North
CUST_083,2023-06-05,74.23,North
CUST_035,2023-06-05,274.43,West
CUST_071,2023-06-05,354.55,South
CUST_113,2023-06-05,95.51,North
CUST_075,2023-06-06,56.54,South
CUST_074,2023-06-06,325.92,South
CUST_062,2023-06-06,854.14,North
CUST_050,2023-06-07,197.07,East
CUST_045,2023-06-07,268.8,South
CUST_006,2023-06-08,152.25,East
CUST_021,2023-06-08,93.3,North
CUST_024,2023-06-09,503.33,East
CUST_024,2023-06-10,509.0,South
CUST_101,2023-06-10,163.97,North
CUST_108,2023-06-10,457.11,West
CUST_015,2023-06-10,176.43,East
CUST_045,2023-06-10,335.59,East
CUST_094,2023-06-11,132.47,North
CUST_054,2023-06-11,679.82,North
CUST_017,2023-06-11,497.62,North
CUST_003,2023-06-12,152.22,North
CUST_023,2023-06-12,87.59,North
CUST_099,2023-06-12,356.95,West
CUST_051,2023-06-13,1110.41,East
CUST_115,2023-06-13,132.76,South
CUST_012,2023-06-13,141.59,West
CUST_113,2023-06-13,506.9,East
CUST_111,2023-06-13,439.9,South
CUST_055,2023-06-13,313.56,North
CUST_094,2023-06-14,248.52,East
CUST_029,2023-06-14,119.09,West
CUST_004,2023-06-14,62.11,North
CUST_069,2023-06-15,537.02,North
CUST_026,2023-06-15,565.8,West
CUST_110,2023-06-15,1833.71,East
CUST_077,2023-06-15,56.22,West
CUST_117,2023-06-15,852.21,East
CUST_080,2023-06-15,240.64,South
CUST_077,2023-06-17,229.14,South
CUST_037,2023-06-17,166.51,East
CUST_029,2023-06-17,186.34,West
CUST_027,2023-06-17,64.92,East
CUST_088,2023-06-18,463.22,North
CUST_040,2023-06-18,303.69,South
CUST_002,2023-06-19,585.1,West
CUST_094,2023-06-19,230.52,East
CUST_085,2023-06-20,640.86,North
CUST_022,2023-06-20,142.72,West
CUST_113,2023-06-20,211.8,West
CUST_094,2023-06-20,356.49,North
CUST_113,2023-06-20,409.02,West
CUST_086,2023-06-20,318.8,North
CUST_055,2023-06-20,299.6,South
CUST_110,2023-06-20,398.53,West
CUST_101,2023-06-20,298.4,North
CUST_034,2023-06-21,174.4,South
CUST_087,2023-06-21,448.2,West
CUST_062,2023-06-21,278.08,West
CUST_046,2023-06-22,672.7,East
CUST_024,2023-06-22,251.58,North
CUST_003,2023-06-24,333.14,East
CUST_001,2023-06-24,48.29,East
CUST_002,2023-06-24,70.46,East
CUST_098,2023-06-24,350.89,West
CUST_049,2023-06-24,580.9,North
CUST_051,2023-06-24,146.19,South
CUST_023,2023-06-25,396.63,West
CUST_048,2023-06-26,341.17,West
CUST_060,2023-06-26,76.44,West
CUST_021,2023-06-26,256.04,South
CUST_058,2023-06-26,80.25,North
CUST_008,2023-06-26,523.04,East
CUST_011,2023-06-26,358.22,West
CUST_044,2023-06-27,566.46,East
CUST_109,2023-06-27,251.66,East
CUST_093,2023-06-28,239.98,South
CUST_106,2023-06-28,87.89,East
CUST_085,2023-06-28,345.1,North
CUST_118,2023-06-28,348.92,West
CUST_003,2023-06-28,45.45,East
CUST_114,2023-06-28,177.46,East
CUST_088,2023-06-29,368.86,West
CUST_047,2023-06-29,423.65,North
CUST_051,2023-06-29,93.98,North
CUST_089,2023-06-29,440.53,East
CUST_113,2023-06-30,24.53,North
CUST_090,2023-06-30,260.75,West
CUST_116,2023-06-30,498.53,East
CUST_029,2023-06-30,528.08,East
CUST_100,2023-06-30,178.35,West
CUST_029,2023-07-01,51.72,West
CUST_043,2023-07-01,131.35,North
CUST_055,2023-07-01,318.44,West
CUST_066,2023-07-01,706.95,North
CUST_090,2023-07-01,202.21,West
CUST_064,2023-07-02,118.79,West
CUST_101,2023-07-02,45.43,West
CUST_020,2023-07-02,141.47,North
CUST_042,2023-07-02,68.24,West
CUST_055,2023-07-03,408.51,South
CUST_103,2023-07-03,405.46,East
CUST_119,2023-07-03,228.24,North
CUST_074,2023-07-03,238.91,West
CUST_005,2023-07-03,454.72,West
CUST_019,2023-07-04,163.77,South
CUST_032,2023-07-04,33.89,South
CUST_009,2023-07-04,598.46,East
CUST_068,2023-07-04,223.9,North
CUST_034,2023-07-04,93.45,West
CUST_048,2023-07-04,427.71,South
CUST_025,2023-07-05,352.18,North
CUST_001,2023-07-05,164.97,South
CUST_081,2023-07-06,345.13,North
CUST_012,2023-07-06,114.6,West
CUST_095,2023-07-06,411.52,North
CUST_104,2023-07-06,412.41,North
CUST_025,2023-07-06,348.91,West
CUST_041,2023-07-06,515.15,South
CUST_035,2023-07-06,461.48,North
CUST_118,2023-07-06,311.51,West
CUST_016,2023-07-07,159.16,East
CUST_006,2023-07-07,10.69,North
CUST_024,2023-07-07,105.83,North
CUST_101,2023-07-07,409.28,West
CUST_002,2023-07-07,864.9,South
CUST_001,2023-07-08,272.35,West
CUST_016,2023-07-08,256.07,East
CUST_026,2023-07-08,164.62,East
CUST_090,2023-07-08,443.6,West
CUST_006,2023-07-08,282.49,North
CUST_116,2023-07-08,957.75,North
CUST_049,2023-07-08,342.8,East
CUST_052,2023-07-09,164.31,East
CUST_092,2023-07-09,43.98,North
CUST_005,2023-07-09,123.79,East
CUST_101,2023-07-09,310.26,North
CUST_111,2023-07-09,312.84,North
CUST_058,2023-07-10,50.29,West
CUST_046,2023-07-10,217.74,South
CUST_066,2023-07-10,230.42,West
CUST_108,2023-07-10,448.69,East
CUST_119,2023-07-10,143.59,West
CUST_061,2023-07-10,494.47,South
CUST_035,2023-07-10,416.96,South
CUST_112,2023-07-11,480.07,West
CUST_024,2023-07-11,382.12,South
CUST_086,2023-07-11,851.88,North
CUST_002,2023-07-11,170.84,South
CUST_056,2023-07-11,343.4,East
CUST_066,2023-07-11,253.97,South
CUST_049,2023-07-12,214.78,West
CUST_019,2023-07-12,273.2,North
CUST_001,2023-07-12,181.54,East
CUST_002,2023-07-12,1123.31,East
CUST_062,2023-07-12,614.29,West
CUST_056,2023-07-13,296.23,South
CUST_092,2023-07-13,113.97,West
CUST_070,2023-07-13,437.01,North
CUST_089,2023-07-13,181.28,South
CUST_039,2023-07-14,189.05,West
CUST_001,2023-07-14,117.66,North
CUST_043,2023-07-14,263.11,West
CUST_077,2023-07-14,99.21,South
CUST_097,2023-07-14,131.13,West
CUST_087,2023-07-14,215.1,North
CUST_015,2023-07-14,161.15,North
CUST_118,2023-07-14,117.81,South
CUST_008,2023-07-15,123.62,East
CUST_108,2023-07-15,266.32,East
CUST_119,2023-07-16,303.58,South
CUST_010,2023-07-16,99.59,South
CUST_093,2023-07-16,216.2,South
CUST_055,2023-07-16,178.39,South
CUST_092,2023-07-17,572.47,North
CUST_073,2023-07-17,77.34,South
CUST_089,2023-07-18,553.82,South
CUST_099,2023-07-18,347.68,East
CUST_044,2023-07-18,266.92,East
CUST_075,2023-07-18,388.14,East
CUST_096,2023-07-19,495.47,East
CUST_067,2023-07-19,247.51,West
CUST_039,2023-07-19,218.59,East
CUST_070,2023-07-20,415.11,East
CUST_080,2023-07-20,272.76,West
CUST_049,2023-07-20,117.06,South
CUST_019,2023-07-20,229.06,East
CUST_018,2023-07-20,166.7,South
CUST_078,2023-07-20,226.94,South
CUST_066,2023-07-21,122.12,West
CUST_006,2023-07-22,361.03,South
CUST_026,2023-07-22,75.33,North
CUST_092,2023-07-22,624.57,North
CUST_020,2023-07-23,330.55,West
CUST_037,2023-07-23,168.6,West
CUST_015,2023-07-24,389.33,North
CUST_041,2023-07-24,76.32,North
CUST_097,2023-07-24,305.19,East
CUST_056,2023-07-24,136.87,South
CUST_027,2023-07-25,397.64,West
CUST_059,2023-07-25,127.84,East
CUST_016,2023-07-25,733.94,West
CUST_071,2023-07-25,168.3,South
CUST_050,2023-07-25,433.1,South
CUST_047,2023-07-25,191.48,East
CUST_006,2023-07-25,59.92,North
CUST_093,2023-07-26,119.42,North
CUST_022,2023-07-26,170.58,South
CUST_107,2023-07-26,422.52,North
CUST_092,2023-07-26,281.97,North
CUST_023,2023-07-26,123.23,North
CUST_002,2023-07-26,423.82,South
CUST_096,2023-07-26,551.16,East
CUST_080,2023-07-26,34.87,South
CUST_001,2023-07-26,299.44,West
CUST_086,2023-07-27,323.66,West
CUST_020,2023-07-27,252.23,East
CUST_086,2023-07-27,618.22,West
CUST_047,2023-07-28,124.25,West
CUST_022,2023-07-28,112.86,North
CUST_072,2023-07-28,524.9,South
CUST_024,2023-07-28,109.49,North
CUST_046,2023-07-28,589.62,South
CUST_027,2023-07-28,199.37,West
CUST_081,2023-07-29,237.86,East
CUST_036,2023-07-30,283.71,East
CUST_092,2023-07-30,120.81,West
CUST_025,2023-07-30,436.33,East
CUST_101,2023-07-30,204.65,North
CUST_066,2023-07-30,596.17,East
CUST_028,2023-07-30,268.61,South
CUST_087,2023-07-30,583.19,North
CUST_069,2023-07-31,215.47,South
CUST_088,2023-07-31,488.5,North
CUST_005,2023-07-31,190.25,North
CUST_106,2023-07-31,36.44,East
CUST_079,2023-07-31,236.13,West
CUST_037,2023-08-01,161.73,East
CUST_107,2023-08-02,136.93,East
CUST_099,2023-08-02,404.18,East
CUST_078,2023-08-02,314.81,West
CUST_048,2023-08-03,63.57,North
CUST_033,2023-08-03,128.12,East
CUST_065,2023-08-03,373.57,East
CUST_020,2023-08-03,98.74,West
CUST_064,2023-08-04,211.13,West
CUST_084,2023-08-04,145.5,West
CUST_036,2023-08-05,83.11,North
CUST_021,2023-08-05,286.29,East
CUST_025,2023-08-05,244.06,South
CUST_003,2023-08-05,372.16,East
CUST_026,2023-08-05,538.7,South
CUST_100,2023-08-06,520.51,East
CUST_049,2023-08-06,215.63,North
CUST_001,2023-08-07,255.97,East
CUST_075,2023-08-07,530.35,South
CUST_113,2023-08-08,127.02,West
CUST_107,2023-08-08,268.93,West
CUST_042,2023-08-08,111.62,West
CUST_025,2023-08-08,651.03,North
CUST_082,2023-08-09,145.53,West
CUST_050,2023-08-09,352.66,East
CUST_013,2023-08-09,229.49,East
CUST_016,2023-08-10,143.31,West
CUST_061,2023-08-10,337.62,South
CUST_063,2023-08-10,215.88,South
CUST_090,2023-08-10,31.33,South
CUST_061,2023-08-10,133.9,South
CUST_068,2023-08-11,70.29,East
CUST_010,2023-08-11,460.17,North
CUST_033,2023-08-12,396.27,East
CUST_106,2023-08-12,741.7,South
CUST_062,2023-08-12,157.54,West
CUST_052,2023-08-12,71.72,West
CUST_031,2023-08-13,424.14,North
CUST_033,2023-08-13,289.4,East
CUST_042,2023-08-13,88.51,South
CUST_020,2023-08-13,245.52,North
CUST_062,2023-08-14,61.89,West
CUST_013,2023-08-14,382.21,West
CUST_102,2023-08-14,202.33,West
CUST_083,2023-08-15,883.92,West
CUST_035,2023-08-15,175.57,West
CUST_111,2023-08-16,147.36,West
CUST_056,2023-08-16,203.48,West
CUST_077,2023-08-16,434.9,South
CUST_021,2023-08-17,202.77,East
CUST_076,2023-08-17,285.6,North
CUST_062,2023-08-17,337.19,South
CUST_100,2023-08-17,42.67,South
CUST_106,2023-08-17,473.45,West
CUST_032,2023-08-18,522.57,South
CUST_055,2023-08-18,204.09,South
CUST_092,2023-08-18,225.05,South
CUST_058,2023-08-20,485.39,North
CUST_112,2023-08-20,549.88,South
CUST_033,2023-08-20,257.34,East
CUST_088,2023-08-20,230.72,North
CUST_041,2023-08-20,837.96,North
CUST_097,2023-08-21,90.88,West
CUST_018,2023-08-21,454.54,North
CUST_046,2023-08-21,332.49,North
CUST_010,2023-08-21,438.34,North
CUST_062,2023-08-22,90.5,South
CUST_034,2023-08-22,549.68,South
CUST_066,2023-08-23,59.53,North
CUST_113,2023-08-23,338.16,South
CUST_071,2023-08-23,173.51,West
CUST_013,2023-08-24,142.08,North
CUST_076,2023-08-24,10.09,East
CUST_041,2023-08-24,470.76,North
CUST_074,2023-08-25,64.36,West
CUST_101,2023-08-25,385.11,North
CUST_028,2023-08-25,109.65,North
CUST_023,2023-08-25,64.77,West
CUST_082,2023-08-25,223.25,North
CUST_107,2023-08-25,36.84,North
CUST_017,2023-08-25,215.13,West
CUST_032,2023-08-25,96.29,West
CUST_059,2023-08-25,91.27,East
CUST_112,2023-08-26,344.7,West
CUST_047,2023-08-26,68.64,North
CUST_064,2023-08-27,314.57,West
CUST_026,2023-08-27,157.75,South
CUST_047,2023-08-27,612.14,East
CUST_027,2023-08-27,201.89,West
CUST_085,2023-08-27,783.63,North
CUST_015,2023-08-27,70.49,West
CUST_037,2023-08-27,222.6,East
CUST_068,2023-08-29,87.14,East
CUST_119,2023-08-29,225.6,South
CUST_101,2023-08-29,179.51,West
CUST_015,2023-08-30,158.56,East
CUST_074,2023-08-30,353.55,North
CUST_053,2023-08-31,345.42,North
CUST_018,2023-09-01,214.94,South
CUST_062,2023-09-01,593.95,East
CUST_002,2023-09-02,108.8,West
CUST_054,2023-09-02,195.17,East
CUST_108,2023-09-02,541.36,North
CUST_044,2023-09-02,114.88,North
CUST_013,2023-09-02,231.82,North
CUST_081,2023-09-03,298.03,South
CUST_024,2023-09-03,235.22,South
CUST_066,2023-09-03,339.3,North
CUST_002,2023-09-03,237.64,East
CUST_028,2023-09-04,334.63,East
CUST_067,2023-09-04,363.42,West
CUST_042,2023-09-04,529.03,North
CUST_022,2023-09-04,192.55,North
CUST_040,2023-09-04,122.25,West
CUST_033,2023-09-04,1116.88,East
CUST_092,2023-09-04,598.86,West
CUST_014,2023-09-04,83.02,West
CUST_023,2023-09-04,325.41,East
CUST_113,2023-09-04,131.5,East
CUST_104,2023-09-05,453.1,South
CUST_073,2023-09-05,180.82,East
CUST_084,2023-09-05,362.19,South
CUST_028,2023-09-06,506.64,North
CUST_120,2023-09-06,164.93,West
CUST_089,2023-09-06,714.63,East
CUST_063,2023-09-07,254.43,East
CUST_004,2023-09-07,133.57,East
CUST_003,2023-09-07,220.96,North
CUST_081,2023-09-08,983.34,West
CUST_120,2023-09-08,163.66,North
CUST_060,2023-09-08,213.64,East
CUST_065,2023-09-08,159.37,East
CUST_034,2023-09-08,96.52,West
CUST_021,2023-09-09,478.93,West
CUST_093,2023-09-09,237.28,South
CUST_025,2023-09-10,245.67,West
CUST_025,2023-09-10,732.49,East
CUST_007,2023-09-10,326.59,West
CUST_093,2023-09-10,388.13,East
CUST_045,2023-09-10,219.76,West
CUST_103,2023-09-11,186.96,North
CUST_085,2023-09-12,410.76,East
CUST_065,2023-09-12,221.74,North
CUST_101,2023-09-13,405.38,West
CUST_087,2023-09-13,201.35,North
CUST_002,2023-09-13,363.97,West
CUST_001,2023-09-13,142.46,South
CUST_035,2023-09-13,52.28,North
CUST_014,2023-09-14,1155.97,East
CUST_060,2023-09-15,138.18,West
CUST_047,2023-09-15,257.63,East
CUST_039,2023-09-16,181.68,East
CUST_070,2023-09-17,328.63,West
CUST_098,2023-09-17,274.54,West
CUST_017,2023-09-17,219.56,South
CUST_103,2023-09-17,408.42,North
CUST_117,2023-09-17,67.57,West
CUST_081,2023-09-18,223.48,East
CUST_101,2023-09-18,423.28,West
CUST_037,2023-09-19,72.72,West
CUST_025,2023-09-20,396.82,North
CUST_014,2023-09-20,211.78,South
CUST_086,2023-09-21,444.58,South
CUST_058,2023-09-21,246.16,West
CUST_063,2023-09-22,121.87,North
CUST_016,2023-09-22,200.79,South
CUST_108,2023-09-22,553.39,West
CUST_099,2023-09-22,195.53,East
CUST_002,2023-09-22,138.0,North
CUST_050,2023-09-23,324.67,South
CUST_059,2023-09-23,41.21,East
CUST_099,2023-09-23,85.96,North
CUST_021,2023-09-24,133.95,East
CUST_102,2023-09-24,61.48,North
CUST_035,2023-09-24,443.53,East
CUST_010,2023-09-25,753.71,South
CUST_032,2023-09-25,372.85,South
CUST_119,2023-09-25,466.1,West
CUST_036,2023-09-25,219.25,South
CUST_108,2023-09-25,422.85,East
CUST_088,2023-09-26,310.46,West
CUST_014,2023-09-26,51.23,North
CUST_011,2023-09-26,198.02,East
CUST_098,2023-09-26,326.17,West
CUST_089,2023-09-26,382.41,North
CUST_087,2023-09-26,670.93,West
CUST_082,2023-09-27,128.37,South
CUST_012,2023-09-27,652.34,South
CUST_003,2023-09-27,194.22,North
CUST_093,2023-09-27,144.41,West
CUST_057,2023-09-27,745.62,East
CUST_043,2023-09-28,175.67,East
CUST_075,2023-09-28,400.31,East
CUST_015,2023-09-28,393.75,East
CUST_118,2023-09-28,293.0,East
CUST_070,2023-09-28,267.06,South
CUST_084,2023-09-28,140.55,East
CUST_078,2023-09-29,52.76,South
CUST_033,2023-09-29,493.87,South
CUST_119,2023-09-30,541.91,North
CUST_013,2023-09-30,142.88,West
CUST_017,2023-09-30,415.89,East
CUST_115,2023-09-30,170.77,West
CUST_030,2023-09-30,188.31,South
CUST_098,2023-09-30,355.5,North
CUST_068,2023-09-30,241.76,South
CUST_041,2023-09-30,146.16,East
CUST_022,2023-09-30,247.62,South
CUST_056,2023-09-30,99.85,West
CUST_108,2023-10-01,122.05,South
CUST_029,2023-10-01,514.89,West
CUST_106,2023-10-01,197.74,North
CUST_101,2023-10-02,405.95,East
CUST_075,2023-10-02,140.64,East
CUST_069,2023-10-02,598.68,South
CUST_038,2023-10-03,156.64,East
CUST_061,2023-10-03,151.99,West
CUST_107,2023-10-03,134.75,South
CUST_068,2023-10-03,149.24,South
CUST_017,2023-10-03,313.65,North
CUST_090,2023-10-03,389.64,East
CUST_109,2023-10-03,468.94,South
CUST_035,2023-10-04,207.89,North
CUST_120,2023-10-04,51.72,West
CUST_084,2023-10-05,102.11,West
CUST_070,2023-10-05,840.76,East
CUST_115,2023-10-05,571.24,North
CUST_073,2023-10-05,14.01,East
CUST_109,2023-10-05,420.29,East
CUST_038,2023-10-05,118.16,East
CUST_092,2023-10-06,226.1,East
CUST_070,2023-10-06,413.03,West
CUST_013,2023-10-07,72.94,North
CUST_027,2023-10-08,382.17,West
CUST_063,2023-10-08,422.05,West
CUST_108,2023-10-09,523.61,West
CUST_104,2023-10-09,490.86,West
CUST_118,2023-10-09,147.08,South
CUST_035,2023-10-09,363.24,North
CUST_026,2023-10-10,268.58,South
CUST_089,2023-10-10,63.03,South
CUST_072,2023-10-10,107.71,West
CUST_059,2023-10-10,317.11,South
CUST_076,2023-10-10,259.25,East
CUST_011,2023-10-10,62.71,North
CUST_012,2023-10-10,158.16,East
CUST_117,2023-10-11,294.8,South
CUST_005,2023-10-11,107.33,North
CUST_030,2023-10-11,242.08,South
CUST_098,2023-10-11,216.71,North
CUST_103,2023-10-12,202.88,North
CUST_063,2023-10-12,119.54,West
CUST_097,2023-10-12,337.47,North
CUST_074,2023-10-12,299.98,North
CUST_044,2023-10-13,356.3,North
CUST_032,2023-10-13,208.37,East
CUST_051,2023-10-13,432.7,West
CUST_059,2023-10-14,220.76,East
CUST_076,2023-10-14,184.49,West
CUST_026,2023-10-14,307.52,North
CUST_089,2023-10-14,437.34,West
CUST_017,2023-10-14,110.61,West
CUST_111,2023-10-14,145.06,North
CUST_047,2023-10-15,333.94,North
CUST_013,2023-10-15,244.22,South
CUST_118,2023-10-15,142.98,North
CUST_027,2023-10-15,360.19,North
CUST_052,2023-10-15,245.42,East
CUST_029,2023-10-16,132.65,North
CUST_027,2023-10-16,258.66,South
CUST_045,2023-10-16,600.43,North
CUST_096,2023-10-18,165.32,East
CUST_012,2023-10-18,50.55,West
CUST_079,2023-10-18,565.6,North
CUST_061,2023-10-18,482.71,South
CUST_057,2023-10-19,70.31,North
CUST_037,2023-10-19,255.33,South
CUST_090,2023-10-19,216.61,North
CUST_064,2023-10-20,561.34,North
CUST_118,2023-10-20,388.96,West
CUST_025,2023-10-21,266.04,North
CUST_033,2023-10-21,234.67,West
CUST_066,2023-10-21,261.63,North
CUST_111,2023-10-21,734.55,South
CUST_079,2023-10-21,349.02,East
CUST_105,2023-10-22,204.92,South
CUST_060,2023-10-22,538.14,South
CUST_079,2023-10-22,328.68,West
CUST_061,2023-10-23,129.53,East
CUST_021,2023-10-23,495.87,West
CUST_017,2023-10-23,260.77,South
CUST_029,2023-10-23,322.32,East
CUST_047,2023-10-23,164.78,West
CUST_094,2023-10-23,179.01,North
CUST_042,2023-10-23,178.47,South
CUST_096,2023-10-24,370.37,East
CUST_004,2023-10-25,753.69,South
CUST_041,2023-10-25,331.77,South
CUST_020,2023-10-25,94.94,North
CUST_024,2023-10-25,97.79,South
CUST_007,2023-10-25,437.19,West
CUST_033,2023-10-26,628.2,East
CUST_014,2023-10-26,456.45,North
CUST_085,2023-10-26,267.73,South
CUST_091,2023-10-26,291.01,West
CUST_115,2023-10-27,153.74,South
CUST_086,2023-10-27,273.3,South
CUST_119,2023-10-28,118.03,West
CUST_043,2023-10-29,256.33,West
CUST_036,2023-10-29,132.8,East
CUST_098,2023-10-29,811.63,North
CUST_080,2023-10-29,556.55,West
CUST_039,2023-10-30,175.85,East
CUST_119,2023-10-30,269.84,West
CUST_089,2023-10-30,146.14,South
CUST_075,2023-10-30,392.26,East
CUST_062,2023-10-31,259.27,North
CUST_045,2023-10-31,207.54,South
CUST_089,2023-10-31,139.61,North
CUST_051,2023-10-31,193.13,West
CUST_024,2023-10-31,116.82,South
CUST_113,2023-11-01,232.82,North
CUST_011,2023-11-01,164.38,West
CUST_092,2023-11-01,461.0,East
CUST_006,2023-11-02,527.51,East
CUST_106,2023-11-02,347.44,South
CUST_117,2023-11-02,286.15,West
CUST_042,2023-11-02,267.61,South
CUST_116,2023-11-04,394.15,West
CUST_086,2023-11-04,204.96,East
CUST_118,2023-11-04,863.97,South
CUST_046,2023-11-04,151.91,North
CUST_088,2023-11-04,108.44,West
CUST_024,2023-11-05,265.13,North
CUST_098,2023-11-05,191.08,West
CUST_019,2023-11-06,266.21,West
CUST_050,2023-11-06,207.18,East
CUST_109,2023-11-06,376.08,East
CUST_020,2023-11-06,179.44,North
CUST_112,2023-11-07,158.92,North
CUST_057,2023-11-07,102.1,North
CUST_028,2023-11-07,504.19,South
CUST_006,2023-11-08,897.28,North
CUST_115,2023-11-08,399.29,West
CUST_010,2023-11-09,361.99,South
CUST_021,2023-11-09,108.43,North
CUST_094,2023-11-09,410.82,East
CUST_080,2023-11-10,408.51,South
CUST_023,2023-11-10,246.74,West
CUST_058,2023-11-10,231.69,East
CUST_015,2023-11-10,333.4,West
CUST_024,2023-11-10,285.58,West
CUST_062,2023-11-10,87.42,North
CUST_035,2023-11-10,398.09,East
CUST_020,2023-11-10,117.45,North
CUST_009,2023-11-11,941.3,East
CUST_039,2023-11-11,704.45,South
CUST_005,2023-11-11,534.15,East
CUST_100,2023-11-12,453.96,North
CUST_015,2023-11-12,223.18,South
CUST_097,2023-11-12,895.73,North
CUST_119,2023-11-13,277.69,West
CUST_024,2023-11-13,416.81,North
CUST_115,2023-11-13,137.06,North
CUST_083,2023-11-13,267.37,West
CUST_087,2023-11-13,451.48,West
CUST_067,2023-11-13,81.79,South
CUST_019,2023-11-14,281.14,North
CUST_023,2023-11-14,640.1,North
CUST_088,2023-11-14,547.64,West
CUST_027,2023-11-14,375.38,East
CUST_021,2023-11-15,443.48,East
CUST_005,2023-11-15,670.83,South
CUST_020,2023-11-15,90.35,West
CUST_098,2023-11-16,449.29,North
CUST_118,2023-11-17,70.29,South
CUST_114,2023-11-17,521.86,East
CUST_049,2023-11-17,103.55,East
CUST_090,2023-11-17,229.83,South
CUST_052,2023-11-18,674.39,South
CUST_109,2023-11-18,225.85,South
CUST_092,2023-11-19,119.85,South
CUST_111,2023-11-19,243.6,East
CUST_117,2023-11-20,318.37,North
CUST_081,2023-11-20,190.89,North
CUST_015,2023-11-21,435.63,South
CUST_105,2023-11-21,305.52,West
CUST_118,2023-11-21,143.9,West
CUST_001,2023-11-22,323.61,East
CUST_120,2023-11-22,179.55,South
CUST_046,2023-11-23,234.97,North
CUST_018,2023-11-23,68.35,West
CUST_076,2023-11-23,144.38,North
CUST_049,2023-11-23,96.67,South
CUST_095,2023-11-23,151.91,North
CUST_120,2023-11-23,713.36,West
CUST_037,2023-11-23,332.28,North
CUST_114,2023-11-23,151.74,North
CUST_061,2023-11-24,434.45,East
CUST_046,2023-11-24,455.58,North
CUST_038,2023-11-24,157.72,South
CUST_092,2023-11-24,392.37,East
CUST_013,2023-11-25,444.14,West
CUST_084,2023-11-26,731.01,North
CUST_105,2023-11-26,445.82,South
CUST_005,2023-11-26,183.94,East
CUST_017,2023-11-26,200.57,West
CUST_002,2023-11-27,504.82,East
CUST_062,2023-11-27,608.91,South
CUST_011,2023-11-27,209.1,West
CUST_023,2023-11-27,299.77,East
CUST_063,2023-11-27,162.57,South
CUST_036,2023-11-27,238.49,South
CUST_032,2023-11-28,492.66,East
CUST_063,2023-11-29,225.51,South
CUST_042,2023-11-29,305.33,West
CUST_101,2023-11-29,380.83,East
CUST_105,2023-11-29,375.33,West
CUST_039,2023-11-30,115.7,East
CUST_082,2023-11-30,155.82,East
CUST_049,2023-11-30,113.03,East
CUST_062,2023-11-30,58.16,North
CUST_056,2023-11-30,761.5,North
CUST_049,2023-11-30,545.27,West
CUST_055,2023-11-30,175.97,West
CUST_045,2023-12-01,280.37,West
CUST_040,2023-12-01,567.65,East
CUST_032,2023-12-01,355.01,North
CUST_090,2023-12-01,572.3,East
CUST_067,2023-12-01,96.85,North
CUST_029,2023-12-01,150.61,East
CUST_036,2023-12-02,215.66,North
CUST_051,2023-12-02,333.1,East
CUST_032,2023-12-02,64.81,East
CUST_110,2023-12-02,381.97,West
CUST_025,2023-12-03,330.38,East
CUST_067,2023-12-03,165.47,East
CUST_078,2023-12-03,200.46,West
CUST_075,2023-12-03,166.02,East
CUST_032,2023-12-03,287.04,South
CUST_047,2023-12-04,617.3,West
CUST_044,2023-12-04,137.13,North
CUST_058,2023-12-04,732.36,North
CUST_116,2023-12-04,455.26,North
CUST_080,2023-12-04,105.63,West
CUST_108,2023-12-04,490.18,South
CUST_107,2023-12-05,310.14,South
CUST_014,2023-12-05,405.86,East
CUST_063,2023-12-05,102.97,West
CUST_038,2023-12-05,284.3,East
CUST_001,2023-12-06,117.52,West
CUST_053,2023-12-06,457.19,West
CUST_105,2023-12-06,87.17,North
CUST_093,2023-12-06,659.6,South
CUST_099,2023-12-06,84.9,East
CUST_116,2023-12-06,639.78,West
CUST_036,2023-12-06,278.12,East
CUST_015,2023-12-06,55.23,South
CUST_111,2023-12-07,853.7,West
CUST_021,2023-12-07,334.61,North
CUST_060,2023-12-07,64.6,East
CUST_005,2023-12-07,141.71,East
CUST_037,2023-12-08,206.2,West
CUST_084,2023-12-08,409.97,East
CUST_103,2023-12-09,232.55,East
CUST_005,2023-12-09,94.82,North
CUST_019,2023-12-09,127.99,North
CUST_064,2023-12-09,220.69,West
CUST_088,2023-12-09,197.44,West
CUST_091,2023-12-10,191.24,West
CUST_015,2023-12-10,296.0,North
CUST_074,2023-12-10,191.75,West
CUST_025,2023-12-11,308.12,North
CUST_120,2023-12-11,362.8,West
CUST_109,2023-12-11,90.3,East
CUST_017,2023-12-11,294.35,North
CUST_033,2023-12-11,138.93,West
CUST_084,2023-12-11,240.25,North
CUST_108,2023-12-13,377.68,North
CUST_012,2023-12-13,98.65,West
CUST_066,2023-12-13,276.86,North
CUST_012,2023-12-14,290.65,North
CUST_054,2023-12-14,37.19,East
CUST_054,2023-12-14,322.11,East
CUST_009,2023-12-14,455.91,South
CUST_030,2023-12-14,464.26,South
CUST_109,2023-12-15,843.41,North
CUST_065,2023-12-15,348.69,North
CUST_094,2023-12-15,82.59,North
CUST_066,2023-12-16,157.82,West
CUST_032,2023-12-16,477.78,West
CUST_094,2023-12-17,588.67,West
CUST_026,2023-12-17,361.81,West
CUST_074,2023-12-18,525.65,North
CUST_086,2023-12-18,145.27,West
CUST_107,2023-12-18,265.07,South
CUST_070,2023-12-20,92.36,North
CUST_087,2023-12-21,43.34,West
CUST_060,2023-12-21,545.14,South
CUST_113,2023-12-21,104.69,West
CUST_086,2023-12-21,288.68,South
CUST_036,2023-12-21,681.29,West
CUST_068,2023-12-21,89.07,North
CUST_112,2023-12-21,174.71,East
CUST_015,2023-12-21,500.45,East
CUST_081,2023-12-21,92.74,North
CUST_101,2023-12-21,503.7,South
CUST_087,2023-12-22,125.11,South
CUST_019,2023-12-22,522.29,East
CUST_039,2023-12-23,312.36,East
CUST_050,2023-12-23,84.77,West
CUST_043,2023-12-24,270.23,West
CUST_111,2023-12-24,365.09,North
CUST_076,2023-12-25,446.94,West
CUST_032,2023-12-26,301.59,South
CUST_008,2023-12-26,347.58,North
CUST_095,2023-12-26,810.09,South
CUST_116,2023-12-27,432.84,South
CUST_003,2023-12-27,334.38,South
CUST_077,2023-12-27,125.03,East
CUST_119,2023-12-28,206.41,East
CUST_004,2023-12-29,97.79,West
CUST_111,2023-12-29,124.02,South
CUST_043,2023-12-29,201.58,East
CUST_028,2023-12-29,249.02,East
CUST_103,2023-12-29,247.71,East
CUST_050,2023-12-30,204.62,North
CUST_030,2023-12-30,486.08,South
CUST_005,2023-12-30,162.84,East
CUST_013,2023-12-30,902.6,North
CUST_049,2023-12-30,391.03,South
CUST_012,2023-12-30,172.7,East
CUST_119,2023-12-30,370.58,South
CUST_042,2023-12-31,199.6,West
CUST_036,2024-01-01,652.58,South
CUST_038,2024-01-01,475.08,East
CUST_046,2024-01-01,485.0,South
CUST_089,2024-01-01,285.99,South
CUST_069,2024-01-01,201.51,South
CUST_095,2024-01-01,425.67,North
CUST_052,2024-01-01,244.46,West
CUST_029,2024-01-02,74.46,North
CUST_074,2024-01-02,453.81,South
CUST_002,2024-01-02,351.06,East
CUST_087,2024-01-02,434.2,North
CUST_100,2024-01-02,114.8,East
CUST_087,2024-01-02,126.25,East
CUST_029,2024-01-02,230.41,East
CUST_057,2024-01-03,259.99,South
CUST_085,2024-01-03,131.88,West
CUST_024,2024-01-03,183.27,South
CUST_017,2024-01-03,705.32,East
CUST_052,2024-01-03,190.23,East
CUST_025,2024-01-03,370.98,North
CUST_021,2024-01-04,395.52,North
CUST_035,2024-01-04,270.29,West
CUST_071,2024-01-04,456.09,North
CUST_085,2024-01-04,224.54,East
CUST_002,2024-01-04,68.42,South
CUST_054,2024-01-04,147.28,West
CUST_103,2024-01-05,58.86,West
CUST_101,2024-01-05,92.28,East
CUST_025,2024-01-05,321.81,East
CUST_017,2024-01-06,183.89,South
CUST_065,2024-01-06,240.38,West
CUST_054,2024-01-06,115.61,East
CUST_075,2024-01-06,606.21,East
CUST_006,2024-01-06,179.41,West
CUST_067,2024-01-07,139.21,East
CUST_075,2024-01-07,225.39,North
CUST_077,2024-01-07,188.73,South
CUST_072,2024-01-09,271.2,North
CUST_025,2024-01-09,99.43,North
CUST_084,2024-01-10,174.67,South
CUST_095,2024-01-10,336.41,East
CUST_089,2024-01-10,148.1,West
CUST_078,2024-01-10,127.26,North
CUST_104,2024-01-10,99.08,North
CUST_039,2024-01-11,263.38,North
CUST_109,2024-01-11,225.29,South
CUST_026,2024-01-11,97.89,North
CUST_018,2024-01-11,279.09,North
CUST_037,2024-01-11,85.54,West
CUST_097,2024-01-11,222.88,North
CUST_022,2024-01-12,283.96,West
CUST_080,2024-01-12,368.95,North
CUST_064,2024-01-13,265.48,North
CUST_033,2024-01-13,329.13,South
CUST_038,2024-01-13,339.68,South
CUST_117,2024-01-14,339.44,North
CUST_073,2024-01-14,96.0,West
CUST_101,2024-01-15,325.01,South
CUST_060,2024-01-15,246.49,West
CUST_004,2024-01-15,236.37,West
CUST_042,2024-01-16,593.12,East
CUST_099,2024-01-16,346.69,South
CUST_105,2024-01-16,449.47,West
CUST_109,2024-01-16,473.13,West
CUST_057,2024-01-16,345.27,East
CUST_104,2024-01-16,106.13,East
CUST_075,2024-01-17,52.0,South
CUST_036,2024-01-17,192.04,South
CUST_086,2024-01-18,118.94,South
CUST_019,2024-01-18,298.59,East
CUST_058,2024-01-18,81.79,North
CUST_030,2024-01-18,87.55,East
CUST_114,2024-01-18,326.0,North
CUST_079,2024-01-18,209.1,South
CUST_033,2024-01-18,327.65,North
CUST_074,2024-01-19,126.64,North
CUST_072,2024-01-19,369.23,East
CUST_030,2024-01-19,515.53,North
CUST_073,2024-01-19,122.0,North
CUST_011,2024-01-19,310.37,North
CUST_101,2024-01-19,242.06,West
CUST_001,2024-01-19,110.6,West
CUST_012,2024-01-20,500.95,East
CUST_024,2024-01-20,386.79,North
CUST_041,2024-01-21,57.11,South
CUST_060,2024-01-21,135.57,West
CUST_033,2024-01-21,214.62,North
CUST_049,2024-01-21,96.75,South
CUST_113,2024-01-22,704.17,East
CUST_103,2024-01-22,102.85,North
CUST_056,2024-01-22,182.4,West
CUST_004,2024-01-22,292.03,South
CUST_029,2024-01-22,663.33,South
CUST_045,2024-01-22,237.69,East
CUST_002,2024-01-23,818.24,West
CUST_118,2024-01-23,659.7,East
CUST_108,2024-01-23,329.94,North
CUST_068,2024-01-23,658.34,North
CUST_046,2024-01-23,237.99,South
CUST_015,2024-01-23,69.71,West
CUST_026,2024-01-23,349.68,South
CUST_012,2024-01-24,344.67,South
CUST_041,2024-01-24,417.65,North
CUST_092,2024-01-25,135.6,East
CUST_111,2024-01-25,143.54,North
CUST_048,2024-01-25,670.02,South
CUST_117,2024-01-25,99.23,West
CUST_053,2024-01-25,603.81,West
CUST_040,2024-01-25,104.21,West
CUST_074,2024-01-26,1057.31,South
CUST_061,2024-01-26,221.41,South
CUST_041,2024-01-26,594.94,West
CUST_092,2024-01-27,282.63,North
CUST_113,2024-01-27,160.12,South
CUST_011,2024-01-28,488.7,North
CUST_059,2024-01-28,593.88,North
CUST_119,2024-01-30,304.33,East
CUST_051,2024-01-31,445.71,East
CUST_003,2024-01-31,154.39,North
CUST_062,2024-01-31,497.1,East
CUST_092,2024-02-02,135.96,East
CUST_043,2024-02-02,413.07,South
CUST_113,2024-02-02,267.54,North
CUST_113,2024-02-03,82.55,East
CUST_057,2024-02-03,568.86,South
CUST_050,2024-02-04,386.83,West
CUST_094,2024-02-04,275.93,South
CUST_110,2024-02-04,143.14,West
CUST_006,2024-02-04,66.94,East
CUST_070,2024-02-05,145.78,East
CUST_018,2024-02-05,154.34,East
CUST_103,2024-02-05,659.53,East
CUST_083,2024-02-05,273.63,West
CUST_092,2024-02-05,205.58,West
CUST_057,2024-02-06,291.71,North
CUST_029,2024-02-06,241.27,South
CUST_074,2024-02-08,417.13,South
CUST_118,2024-02-08,403.9,South
CUST_090,2024-02-09,204.92,East
CUST_099,2024-02-09,103.63,North
CUST_076,2024-02-09,380.72,West
CUST_097,2024-02-09,395.93,South
CUST_102,2024-02-10,44.49,West
CUST_012,2024-02-10,153.85,North
CUST_061,2024-02-10,380.95,North
CUST_073,2024-02-11,262.54,West
CUST_007,2024-02-11,728.26,South
CUST_049,2024-02-12,243.91,West
CUST_105,2024-02-12,396.97,West
CUST_025,2024-02-12,790.21,East
CUST_107,2024-02-13,282.29,North
CUST_019,2024-02-13,323.88,South
CUST_083,2024-02-13,110.4,South
CUST_101,2024-02-14,846.81,East
CUST_072,2024-02-14,298.43,East
CUST_073,2024-02-14,390.41,West
CUST_056,2024-02-14,146.0,North
CUST_029,2024-02-15,126.72,East
CUST_026,2024-02-15,264.99,West
CUST_119,2024-02-16,75.29,West
CUST_076,2024-02-16,67.64,West
CUST_029,2024-02-16,672.28,West
CUST_109,2024-02-17,471.16,West
CUST_095,2024-02-17,452.06,North
CUST_017,2024-02-17,181.64,South
CUST_053,2024-02-17,170.6,East
CUST_036,2024-02-18,581.77,East
CUST_060,2024-02-18,53.34,South
CUST_090,2024-02-18,448.6,North
CUST_024,2024-02-18,483.36,East
CUST_088,2024-02-19,338.66,East
CUST_046,2024-02-19,188.33,South
CUST_016,2024-02-19,152.95,North
CUST_019,2024-02-19,391.27,North
CUST_064,2024-02-20,442.2,East
CUST_054,2024-02-20,124.04,West
CUST_056,2024-02-20,326.03,North
CUST_059,2024-02-20,159.97,West
CUST_084,2024-02-20,219.99,South
CUST_054,2024-02-21,218.6,North
CUST_017,2024-02-23,87.95,East
CUST_097,2024-02-23,492.18,South
CUST_044,2024-02-23,263.76,East
CUST_107,2024-02-23,69.92,East
CUST_090,2024-02-24,109.01,West
CUST_004,2024-02-24,135.41,West
CUST_093,2024-02-24,337.44,West
CUST_093,2024-02-24,239.19,East
CUST_038,2024-02-25,43.34,North
CUST_072,2024-02-25,422.12,West
CUST_057,2024-02-25,425.61,North
CUST_086,2024-02-25,127.44,East
CUST_107,2024-02-26,62.92,North
CUST_093,2024-02-26,229.74,North
CUST_118,2024-02-26,258.09,East
CUST_087,2024-02-26,433.75,West
CUST_046,2024-02-26,102.13,South
CUST_115,2024-02-27,252.28,North
CUST_031,2024-02-27,68.09,South
CUST_076,2024-02-27,57.61,West
CUST_017,2024-02-28,276.41,East
CUST_117,2024-02-28,915.87,South
CUST_049,2024-02-28,388.59,North
CUST_102,2024-02-28,310.33,North
CUST_025,2024-02-28,499.63,East
CUST_088,2024-02-29,326.77,South
CUST_065,2024-02-29,472.28,South
CUST_092,2024-02-29,587.48,West
CUST_077,2024-02-29,658.53,North
CUST_070,2024-02-29,464.41,North
CUST_014,2024-03-01,349.53,West
CUST_078,2024-03-01,390.35,North
CUST_013,2024-03-01,365.1,East
CUST_047,2024-03-01,244.21,South
CUST_005,2024-03-01,517.22,East
CUST_038,2024-03-02,552.06,South
CUST_051,2024-03-02,120.27,North
CUST_037,2024-03-02,124.91,South
CUST_120,2024-03-02,270.05,North
CUST_107,2024-03-02,825.16,East
CUST_009,2024-03-03,333.96,East
CUST_052,2024-03-03,111.19,North
CUST_048,2024-03-03,37.71,South
CUST_008,2024-03-04,171.1,East
CUST_069,2024-03-04,162.47,South
CUST_054,2024-03-04,463.8,South
CUST_010,2024-03-04,102.12,East
CUST_057,2024-03-04,411.38,South
CUST_117,2024-03-04,71.84,West
CUST_064,2024-03-04,704.24,West
CUST_051,2024-03-04,767.81,West
CUST_098,2024-03-04,337.28,East
CUST_111,2024-03-05,118.81,East
CUST_078,2024-03-06,90.85,South
CUST_061,2024-03-06,102.05,North
CUST_117,2024-03-06,342.86,West
CUST_029,2024-03-06,221.67,South
CUST_003,2024-03-07,332.89,West
CUST_068,2024-03-07,576.52,South
CUST_077,2024-03-07,421.84,West
CUST_068,2024-03-07,352.51,North
CUST_106,2024-03-08,57.89,East
CUST_117,2024-03-08,119.85,South
CUST_098,2024-03-08,391.61,East
CUST_094,2024-03-08,213.04,North
CUST_115,2024-03-08,255.01,East
CUST_001,2024-03-08,223.38,South
CUST_068,2024-03-09,228.52,West
CUST_057,2024-03-09,819.14,North
CUST_096,2024-03-09,863.67,West
CUST_048,2024-03-09,270.98,South
CUST_024,2024-03-09,338.99,South
CUST_082,2024-03-10,149.27,East
CUST_071,2024-03-10,337.05,West
CUST_114,2024-03-10,19.92,West
CUST_097,2024-03-10,94.39,East
CUST_118,2024-03-10,206.21,West
CUST_022,2024-03-11,1012.53,South
CUST_076,2024-03-11,263.88,South
CUST_033,2024-03-11,226.68,South
CUST_030,2024-03-12,385.09,North
CUST_029,2024-03-12,319.37,North
CUST_069,2024-03-13,112.45,North
CUST_027,2024-03-13,274.18,South
CUST_086,2024-03-13,137.72,South
CUST_107,2024-03-13,319.96,East
CUST_076,2024-03-14,333.67,East
CUST_037,2024-03-14,327.22,East
CUST_032,2024-03-14,511.32,North
CUST_007,2024-03-14,239.14,North
CUST_117,2024-03-14,120.3,North
CUST_076,2024-03-14,343.85,West
CUST_081,2024-03-14,306.23,South
CUST_021,2024-03-14,111.5,North
CUST_013,2024-03-14,234.24,West
CUST_110,2024-03-14,286.98,North
CUST_025,2024-03-14,590.11,South
CUST_041,2024-03-14,177.99,North
CUST_038,2024-03-15,364.48,West
CUST_077,2024-03-15,98.8,North
CUST_018,2024-03-15,493.63,East
CUST_109,2024-03-15,546.0,North
CUST_080,2024-03-15,671.88,North
CUST_008,2024-03-16,571.73,West
CUST_113,2024-03-16,96.03,East
CUST_081,2024-03-16,395.14,East
CUST_047,2024-03-16,136.84,East
CUST_089,2024-03-16,336.09,North
CUST_032,2024-03-17,288.7,South
CUST_093,2024-03-17,399.2,West
CUST_060,2024-03-17,165.68,South
CUST_005,2024-03-17,198.35,North
CUST_058,2024-03-17,208.86,North
CUST_117,2024-03-17,427.83,West
CUST_111,2024-03-18,449.97,North
CUST_084,2024-03-18,118.89,North
CUST_034,2024-03-18,205.13,East
CUST_007,2024-03-18,349.48,North
CUST_059,2024-03-19,561.19,South
CUST_026,2024-03-19,240.06,East
CUST_063,2024-03-19,271.58,West
CUST_087,2024-03-19,371.52,South
CUST_078,2024-03-19,118.77,East
CUST_099,2024-03-19,296.0,North
CUST_067,2024-03-20,306.12,West
CUST_033,2024-03-20,229.7,West
CUST_050,2024-03-20,131.3,West
CUST_086,2024-03-20,416.11,North
CUST_098,2024-03-20,270.28,South
CUST_118,2024-03-21,445.76,West
CUST_082,2024-03-21,625.28,East
CUST_097,2024-03-21,99.31,East
CUST_113,2024-03-21,184.3,East
CUST_114,2024-03-22,749.06,North
CUST_102,2024-03-22,489.01,East
CUST_076,2024-03-22,473.08,South
CUST_051,2024-03-22,564.05,South
CUST_013,2024-03-22,281.88,East
CUST_070,2024-03-23,24.13,South
CUST_064,2024-03-23,197.83,West
CUST_026,2024-03-23,614.25,North
CUST_038,2024-03-23,203.18,West
CUST_016,2024-03-24,321.79,West
CUST_103,2024-03-24,170.11,South
CUST_025,2024-03-25,43.42,East
CUST_004,2024-03-25,254.86,North
CUST_042,2024-03-25,455.87,North
CUST_047,2024-03-25,175.19,West
CUST_042,2024-03-25,157.36,South
CUST_062,2024-03-26,375.02,West
CUST_012,2024-03-26,444.98,West
CUST_111,2024-03-26,92.95,West
CUST_093,2024-03-26,246.81,South
CUST_051,2024-03-27,293.05,West
CUST_008,2024-03-27,452.27,South
CUST_068,2024-03-27,226.11,West
CUST_108,2024-03-28,308.59,West
CUST_073,2024-03-28,138.44,West
CUST_006,2024-03-28,503.11,North
CUST_029,2024-03-29,27.24,East
CUST_113,2024-03-29,164.38,South
CUST_045,2024-03-30,43.63,South
CUST_086,2024-03-30,467.46,East
CUST_046,2024-03-30,185.87,West
CUST_042,2024-04-01,164.72,West
CUST_014,2024-04-01,204.8,South
CUST_050,2024-04-01,109.78,West
CUST_059,2024-04-01,269.62,East
CUST_062,2024-04-01,130.5,East
CUST_039,2024-04-02,324.98,South
CUST_101,2024-04-02,359.2,South
CUST_024,2024-04-02,77.27,West
CUST_012,2024-04-03,125.05,West
CUST_060,2024-04-03,321.67,North
CUST_015,2024-04-03,174.92,North
CUST_075,2024-04-03,293.15,North
CUST_003,2024-04-04,399.71,East
CUST_050,2024-04-04,180.14,East
CUST_033,2024-04-05,458.68,West
CUST_094,2024-04-05,452.14,South
CUST_101,2024-04-06,139.78,East
CUST_008,2024-04-06,604.32,North
CUST_014,2024-04-06,219.22,West
CUST_023,2024-04-07,445.71,West
CUST_108,2024-04-07,63.7,North
CUST_034,2024-04-08,524.82,East
CUST_047,2024-04-08,380.7,East
CUST_019,2024-04-08,356.67,North
CUST_050,2024-04-08,270.45,West
CUST_110,2024-04-09,189.25,East
CUST_052,2024-04-09,413.75,North
CUST_003,2024-04-09,166.56,South
CUST_017,2024-04-09,395.95,West
CUST_053,2024-04-10,456.14,South
CUST_117,2024-04-11,393.4,North
CUST_019,2024-04-11,421.88,North
CUST_036,2024-04-11,355.86,West
CUST_032,2024-04-11,244.53,West
CUST_110,2024-04-11,214.41,North
CUST_003,2024-04-12,58.25,North
CUST_091,2024-04-12,183.94,North
CUST_047,2024-04-12,218.28,North
CUST_098,2024-04-13,215.38,West
CUST_076,2024-04-14,869.02,East
CUST_100,2024-04-14,245.97,North
CUST_031,2024-04-15,233.17,North
CUST_106,2024-04-15,207.5,West
CUST_019,2024-04-15,129.47,South
CUST_074,2024-04-15,10.8,North
CUST_005,2024-04-15,123.46,South
CUST_075,2024-04-15,171.43,East
CUST_112,2024-04-15,498.28,West
CUST_050,2024-04-15,46.59,North
CUST_085,2024-04-16,209.52,West
CUST_053,2024-04-16,293.72,North
CUST_010,2024-04-16,163.4,South
CUST_025,2024-04-17,726.65,South
CUST_040,2024-04-18,277.29,East
CUST_079,2024-04-18,671.76,South
CUST_001,2024-04-18,153.53,South
CUST_025,2024-04-18,228.99,North
CUST_119,2024-04-19,662.57,South
CUST_030,2024-04-20,610.33,East
CUST_051,2024-04-20,462.85,North
CUST_061,2024-04-21,112.58,North
CUST_119,2024-04-21,436.85,North
CUST_038,2024-04-22,253.21,North
CUST_101,2024-04-22,445.8,South
CUST_105,2024-04-23,93.84,North
CUST_014,2024-04-23,302.76,East
CUST_090,2024-04-23,161.22,North
CUST_033,2024-04-24,524.88,North
CUST_118,2024-04-24,530.34,South
CUST_120,2024-04-24,471.21,East
CUST_103,2024-04-24,391.88,West
CUST_085,2024-04-24,582.53,South
CUST_113,2024-04-24,181.32,North
CUST_033,2024-04-24,322.61,West
CUST_117,2024-04-24,146.41,East
CUST_100,2024-04-25,280.38,North
CUST_030,2024-04-25,374.92,South
CUST_024,2024-04-25,240.27,South
CUST_045,2024-04-25,247.08,South
CUST_052,2024-04-25,345.35,West
CUST_099,2024-04-25,122.52,West
CUST_062,2024-04-25,295.31,South
CUST_077,2024-04-26,130.0,South
CUST_018,2024-04-26,374.97,South
CUST_052,2024-04-26,510.13,East
CUST_032,2024-04-26,260.02,North
CUST_090,2024-04-26,232.2,East
CUST_091,2024-04-27,518.11,West
CUST_030,2024-04-27,636.54,East
CUST_080,2024-04-28,296.23,South
CUST_113,2024-04-29,732.15,South
CUST_072,2024-04-29,192.66,East
CUST_065,2024-04-29,229.84,South
CUST_034,2024-04-29,561.58,West
CUST_094,2024-04-29,146.59,North
CUST_061,2024-04-29,129.81,North
CUST_019,2024-04-29,140.92,North
CUST_005,2024-04-30,270.64,South
CUST_064,2024-04-30,213.67,North
CUST_070,2024-05-01,298.53,South
CUST_031,2024-05-01,219.78,South
CUST_055,2024-05-01,789.69,South
CUST_014,2024-05-01,614.58,North
CUST_046,2024-05-01,400.21,South
CUST_089,2024-05-01,456.92,East
CUST_028,2024-05-02,127.12,West
CUST_087,2024-05-02,541.86,West
CUST_085,2024-05-02,398.53,South
CUST_100,2024-05-03,389.64,South
CUST_015,2024-05-03,563.97,East
CUST_063,2024-05-04,190.27,South
CUST_038,2024-05-04,229.63,South
CUST_080,2024-05-04,172.23,West
CUST_096,2024-05-04,560.14,West
CUST_066,2024-05-04,443.85,North
CUST_034,2024-05-04,341.52,South
CUST_104,2024-05-04,380.35,South
CUST_090,2024-05-04,207.18,West
CUST_083,2024-05-05,325.85,South
CUST_022,2024-05-05,117.44,North
CUST_058,2024-05-05,207.73,South
CUST_072,2024-05-05,214.65,North
CUST_086,2024-05-05,211.33,South
CUST_115,2024-05-05,70.62,North
CUST_018,2024-05-06,70.11,East
CUST_053,2024-05-06,566.38,West
CUST_029,2024-05-06,178.99,North
CUST_108,2024-05-07,482.81,West
CUST_015,2024-05-07,257.74,South
CUST_092,2024-05-07,1065.62,East
CUST_054,2024-05-07,480.78,East
CUST_120,2024-05-08,391.16,North
CUST_105,2024-05-08,543.21,West
CUST_092,2024-05-08,224.63,North
CUST_098,2024-05-08,105.11,North
CUST_009,2024-05-08,497.6,North
CUST_119,2024-05-08,118.67,East
CUST_091,2024-05-08,688.14,North
CUST_026,2024-05-08,146.74,West
CUST_005,2024-05-09,256.32,North
CUST_042,2024-05-09,90.4,North
CUST_007,2024-05-09,144.53,South
CUST_009,2024-05-09,306.83,West
CUST_051,2024-05-09,578.66,South
CUST_070,2024-05-10,130.19,South
CUST_001,2024-05-10,291.64,East
CUST_036,2024-05-10,314.7,South
CUST_030,2024-05-10,313.6,South
CUST_043,2024-05-10,119.75,East
CUST_063,2024-05-11,73.57,North
CUST_105,2024-05-12,328.05,South
CUST_036,2024-05-12,574.08,East
CUST_045,2024-05-12,111.88,East
CUST_055,2024-05-12,95.24,East
CUST_012,2024-05-12,71.26,West
CUST_076,2024-05-13,123.4,North
CUST_072,2024-05-13,371.74,East
CUST_115,2024-05-13,154.98,West
CUST_032,2024-05-13,497.79,North
CUST_114,2024-05-13,117.5,South
CUST_029,2024-05-13,131.58,East
CUST_057,2024-05-13,84.29,North
CUST_076,2024-05-13,246.93,North
CUST_116,2024-05-14,81.36,West
CUST_019,2024-05-14,401.81,South
CUST_051,2024-05-14,106.21,North
CUST_118,2024-05-14,187.34,North
CUST_090,2024-05-15,116.61,West
CUST_020,2024-05-15,293.98,West
CUST_094,2024-05-16,177.59,West
CUST_119,2024-05-16,140.55,South
CUST_058,2024-05-16,43.46,South
CUST_028,2024-05-16,315.87,North
CUST_118,2024-05-17,37.38,North
CUST_034,2024-05-17,158.4,West
CUST_001,2024-05-17,207.56,West
CUST_112,2024-05-17,10.61,North
CUST_018,2024-05-17,172.37,West
CUST_022,2024-05-17,112.62,West
CUST_108,2024-05-17,216.75,South
CUST_020,2024-05-18,436.15,West
CUST_058,2024-05-18,372.15,West
CUST_009,2024-05-18,204.74,North
CUST_094,2024-05-18,49.24,West
CUST_039,2024-05-18,176.98,South
CUST_063,2024-05-19,288.68,East
CUST_111,2024-05-19,157.99,West
CUST_044,2024-05-19,264.42,South
CUST_037,2024-05-20,138.53,East
CUST_027,2024-05-20,443.72,South
CUST_109,2024-05-20,308.55,East
CUST_099,2024-05-21,560.5,West
CUST_083,2024-05-21,291.17,West
CUST_061,2024-05-21,86.78,West
CUST_036,2024-05-22,56.43,East
CUST_072,2024-05-22,69.2,South
CUST_118,2024-05-22,134.5,North
CUST_008,2024-05-22,158.7,North
CUST_116,2024-05-22,125.75,North
CUST_090,2024-05-23,309.87,West
CUST_025,2024-05-23,189.43,West
CUST_084,2024-05-23,384.02,West
CUST_062,2024-05-23,430.42,East
CUST_062,2024-05-24,560.78,East
CUST_055,2024-05-25,160.35,East
CUST_023,2024-05-25,327.15,West
CUST_058,2024-05-25,135.92,South
CUST_051,2024-05-25,378.76,West
CUST_046,2024-05-25,292.79,West
CUST_110,2024-05-26,138.65,North
CUST_046,2024-05-26,271.61,North
CUST_100,2024-05-26,133.2,West
CUST_003,2024-05-27,153.68,South
CUST_012,2024-05-27,514.05,South
CUST_089,2024-05-27,310.99,North
CUST_118,2024-05-28,187.11,West
CUST_102,2024-05-28,302.69,East
CUST_035,2024-05-28,386.1,East
CUST_063,2024-05-29,230.2,South
CUST_085,2024-05-29,236.9,South
CUST_037,2024-05-29,338.34,East
CUST_015,2024-05-30,125.06,North
CUST_108,2024-05-30,132.6,West
CUST_007,2024-05-30,192.9,South
CUST_045,2024-05-31,247.22,West
CUST_032,2024-05-31,138.85,North
CUST_049,2024-06-01,148.43,South
CUST_020,2024-06-01,289.5,North
CUST_018,2024-06-01,278.57,South
CUST_089,2024-06-01,214.09,North
CUST_092,2024-06-01,342.43,West
CUST_095,2024-06-02,262.7,West
CUST_114,2024-06-02,402.99,South
CUST_117,2024-06-02,173.5,East
CUST_090,2024-06-02,374.79,West
CUST_119,2024-06-03,251.62,West
CUST_079,2024-06-03,179.21,East
CUST_017,2024-06-03,541.4,West
CUST_120,2024-06-03,186.88,North
CUST_006,2024-06-04,321.32,South
CUST_034,2024-06-04,287.86,North
CUST_029,2024-06-04,894.08,West
CUST_029,2024-06-05,448.86,West
CUST_080,2024-06-05,319.22,South
CUST_084,2024-06-06,309.59,South
CUST_016,2024-06-06,201.51,North
CUST_009,2024-06-06,625.06,North
CUST_109,2024-06-06,274.22,West
CUST_002,2024-06-06,66.65,East
CUST_103,2024-06-07,818.66,South
CUST_104,2024-06-07,221.89,West
CUST_054,2024-06-08,803.3,West
CUST_086,2024-06-08,119.1,South
CUST_080,2024-06-08,512.75,North
CUST_079,2024-06-09,265.84,East
CUST_119,2024-06-09,283.31,North
CUST_087,2024-06-10,171.36,East
CUST_066,2024-06-10,289.76,East
CUST_061,2024-06-10,259.79,North
CUST_020,2024-06-11,84.42,North
CUST_062,2024-06-11,231.53,West
CUST_021,2024-06-11,282.09,East
CUST_023,2024-06-11,241.15,North
CUST_008,2024-06-11,420.91,North
CUST_040,2024-06-11,76.99,West
CUST_008,2024-06-11,365.85,West
CUST_047,2024-06-11,538.57,East
CUST_063,2024-06-12,101.5,East
CUST_101,2024-06-12,41.54,North
CUST_004,2024-06-12,66.56,West
CUST_025,2024-06-12,220.8,North
CUST_017,2024-06-13,233.22,South
CUST_034,2024-06-13,374.52,North
CUST_006,2024-06-13,366.66,West
CUST_005,2024-06-13,185.72,South
CUST_014,2024-06-13,138.48,East
CUST_030,2024-06-13,67.51,South
CUST_081,2024-06-13,107.56,South
CUST_060,2024-06-13,238.64,East
CUST_114,2024-06-13,343.32,North
CUST_100,2024-06-14,304.95,East
CUST_046,2024-06-14,97.28,North
CUST_056,2024-06-14,248.02,East
CUST_107,2024-06-15,49.34,North
CUST_064,2024-06-15,706.55,East
CUST_039,2024-06-15,284.63,North
CUST_020,2024-06-15,233.55,South
CUST_019,2024-06-15,102.81,North
CUST_113,2024-06-16,64.82,West
CUST_047,2024-06-17,179.18,East
CUST_099,2024-06-17,300.76,South
CUST_091,2024-06-17,531.28,South
CUST_078,2024-06-17,305.4,North
CUST_031,2024-06-17,393.08,East
CUST_003,2024-06-17,128.28,South
CUST_008,2024-06-18,271.93,West
CUST_063,2024-06-18,548.11,West
CUST_043,2024-06-18,47.78,East
CUST_070,2024-06-19,515.2,East
CUST_001,2024-06-20,84.77,North
CUST_068,2024-06-20,420.23,East
CUST_062,2024-06-20,58.2,West
CUST_071,2024-06-20,642.36,South
CUST_109,2024-06-20,164.56,North
CUST_056,2024-06-20,87.01,West
CUST_056,2024-06-20,48.12,North
CUST_088,2024-06-21,580.63,North
CUST_097,2024-06-21,542.62,East
CUST_111,2024-06-21,231.84,West
CUST_036,2024-06-21,232.48,North
CUST_011,2024-06-21,743.72,South
CUST_057,2024-06-21,217.37,West
CUST_098,2024-06-21,647.37,South
CUST_115,2024-06-23,335.38,South
CUST_060,2024-06-23,16.39,East
CUST_093,2024-06-23,274.44,West
CUST_090,2024-06-23,92.58,South
CUST_057,2024-06-23,44.45,West
CUST_096,2024-06-23,78.4,West
CUST_092,2024-06-23,153.12,West
CUST_060,2024-06-24,230.87,East
CUST_058,2024-06-24,264.29,South
CUST_084,2024-06-24,185.12,East
CUST_002,2024-06-24,219.72,East
CUST_011,2024-06-24,369.75,South
CUST_086,2024-06-25,257.51,South
CUST_038,2024-06-25,200.75,East
CUST_046,2024-06-25,123.96,West
CUST_099,2024-06-25,423.81,South
CUST_026,2024-06-25,174.06,East
CUST_089,2024-06-26,72.8,South
CUST_042,2024-06-26,139.32,South
CUST_073,2024-06-27,94.51,South
CUST_062,2024-06-27,431.81,East
CUST_066,2024-06-27,105.92,South
CUST_035,2024-06-27,612.45,South
CUST_054,2024-06-29,442.16,South
CUST_075,2024-06-29,88.18,East
CUST_011,2024-06-29,496.89,East
CUST_079,2024-06-29,449.7,West
CUST_104,2024-06-30,107.83,East
CUST_105,2024-06-30,139.37,North
CUST_094,2024-06-30,410.26,West
CUST_086,2024-06-30,379.24,East
CUST_086,2024-07-01,187.07,South
CUST_117,2024-07-01,321.91,West
CUST_034,2024-07-01,265.5,South
CUST_080,2024-07-02,169.28,North
CUST_047,2024-07-02,65.91,East
CUST_018,2024-07-02,608.49,West
CUST_075,2024-07-02,501.74,West
CUST_088,2024-07-03,112.07,North
CUST_064,2024-07-03,451.59,North
CUST_037,2024-07-03,476.88,South
CUST_060,2024-07-03,749.46,South
CUST_120,2024-07-03,245.35,East
CUST_106,2024-07-03,198.52,South
CUST_042,2024-07-04,93.28,West
CUST_073,2024-07-04,106.4,West
CUST_082,2024-07-04,594.62,East
CUST_087,2024-07-04,169.76,West
CUST_001,2024-07-05,280.11,West
CUST_017,2024-07-05,427.48,North
CUST_062,2024-07-06,691.56,South
CUST_108,2024-07-06,47.61,West
CUST_072,2024-07-06,209.23,South
CUST_043,2024-07-07,384.73,West
CUST_030,2024-07-07,529.86,South
CUST_041,2024-07-07,649.73,South
CUST_090,2024-07-07,487.85,East
CUST_036,2024-07-07,144.43,West
CUST_047,2024-07-08,111.82,North
CUST_063,2024-07-08,146.65,East
CUST_093,2024-07-09,77.77,South
CUST_055,2024-07-09,477.13,North
CUST_039,2024-07-09,38.01,East
CUST_078,2024-07-09,379.35,West
CUST_054,2024-07-09,310.91,East
CUST_059,2024-07-10,443.04,South
CUST_049,2024-07-10,306.45,North
CUST_033,2024-07-10,224.03,East
CUST_119,2024-07-10,113.15,East
CUST_039,2024-07-10,230.13,South
CUST_005,2024-07-10,457.78,North
CUST_042,2024-07-11,273.79,West
CUST_034,2024-07-11,206.05,East
CUST_112,2024-07-11,198.88,South
CUST_102,2024-07-11,219.57,West
CUST_048,2024-07-11,364.91,West
CUST_013,2024-07-12,571.09,West
CUST_059,2024-07-12,198.69,East
CUST_051,2024-07-12,464.33,East
CUST_099,2024-07-12,266.2,West
CUST_087,2024-07-12,149.95,North
CUST_108,2024-07-12,53.52,South
CUST_060,2024-07-13,364.02,North
CUST_059,2024-07-13,377.54,North
CUST_051,2024-07-13,351.86,North
CUST_048,2024-07-14,114.16,North
CUST_037,2024-07-14,247.18,East
CUST_011,2024-07-14,308.72,West
CUST_018,2024-07-15,329.08,North
CUST_109,2024-07-15,267.35,West
CUST_037,2024-07-16,572.56,East
CUST_103,2024-07-16,547.66,East
CUST_085,2024-07-16,57.96,West
CUST_061,2024-07-17,24.87,South
CUST_012,2024-07-17,105.38,West
CUST_015,2024-07-18,179.22,North
CUST_007,2024-07-19,339.23,South
CUST_038,2024-07-19,266.02,West
CUST_071,2024-07-19,642.78,South
CUST_072,2024-07-20,292.85,South
CUST_026,2024-07-20,164.15,East
CUST_114,2024-07-20,340.33,East
CUST_099,2024-07-20,139.43,South
CUST_099,2024-07-20,344.02,South
CUST_110,2024-07-20,233.63,North
CUST_031,2024-07-20,448.2,West
CUST_051,2024-07-21,355.54,West
CUST_114,2024-07-21,307.44,North
CUST_078,2024-07-21,336.92,South
CUST_033,2024-07-21,477.11,South
CUST_023,2024-07-21,106.84,East
CUST_118,2024-07-22,253.67,North
CUST_045,2024-07-22,148.5,North
CUST_056,2024-07-23,454.64,North
CUST_035,2024-07-23,295.02,West
CUST_059,2024-07-23,134.86,South
CUST_104,2024-07-23,692.22,West
CUST_058,2024-07-24,768.67,North
CUST_095,2024-07-24,103.66,South
CUST_018,2024-07-24,99.14,South
CUST_099,2024-07-24,272.48,South
CUST_053,2024-07-25,141.54,West
CUST_007,2024-07-25,273.22,East
CUST_031,2024-07-25,1080.22,West
CUST_040,2024-07-26,44.59,South
CUST_060,2024-07-26,634.81,West
CUST_048,2024-07-26,175.58,North
CUST_015,2024-07-26,209.49,North
CUST_058,2024-07-26,31.8,West
CUST_053,2024-07-26,206.28,South
CUST_113,2024-07-27,150.64,West
CUST_070,2024-07-27,564.23,East
CUST_113,2024-07-27,316.18,North
CUST_094,2024-07-27,138.65,West
CUST_033,2024-07-27,598.37,West
CUST_095,2024-07-28,548.84,North
CUST_084,2024-07-28,359.53,East
CUST_022,2024-07-28,443.82,South
CUST_103,2024-07-28,409.06,North
CUST_051,2024-07-28,104.11,North
CUST_081,2024-07-28,451.01,East
CUST_054,2024-07-29,103.27,North
CUST_022,2024-07-29,532.8,South
CUST_107,2024-07-29,345.06,East
CUST_100,2024-07-30,237.57,South
CUST_051,2024-07-31,131.35,South
CUST_018,2024-07-31,425.37,North
CUST_085,2024-07-31,356.27,East
CUST_077,2024-08-01,290.53,North
CUST_083,2024-08-01,209.59,North
CUST_096,2024-08-02,295.57,East
CUST_011,2024-08-02,756.87,South
CUST_109,2024-08-02,906.21,North
CUST_100,2024-08-04,274.61,North
CUST_052,2024-08-04,214.01,North
CUST_072,2024-08-04,380.32,North
CUST_101,2024-08-04,104.21,South
CUST_044,2024-08-04,219.79,East
CUST_045,2024-08-04,330.02,North
CUST_004,2024-08-05,468.43,East
CUST_035,2024-08-05,439.07,East
CUST_089,2024-08-05,481.12,West
CUST_112,2024-08-05,761.31,West
CUST_089,2024-08-06,176.94,East
CUST_041,2024-08-06,137.66,South
CUST_044,2024-08-06,129.39,West
CUST_080,2024-08-07,235.14,South
CUST_015,2024-08-08,357.75,South
CUST_092,2024-08-08,406.55,West
CUST_034,2024-08-08,94.44,East
CUST_016,2024-08-08,141.88,West
CUST_027,2024-08-09,484.36,West
CUST_082,2024-08-09,297.61,West
CUST_029,2024-08-09,224.29,North
CUST_063,2024-08-09,368.61,South
CUST_022,2024-08-10,222.97,North
CUST_083,2024-08-10,223.69,West
CUST_033,2024-08-10,197.09,West
CUST_118,2024-08-10,325.24,South
CUST_076,2024-08-10,444.61,West
CUST_036,2024-08-11,431.18,West
CUST_098,2024-08-11,455.96,East
CUST_023,2024-08-11,320.52,South
CUST_058,2024-08-11,73.74,North
CUST_073,2024-08-11,149.07,West
CUST_048,2024-08-11,254.24,West
CUST_001,2024-08-12,322.01,South
CUST_104,2024-08-12,244.08,North
CUST_057,2024-08-12,189.31,West
CUST_039,2024-08-13,372.7,East
CUST_096,2024-08-13,334.6,North
CUST_085,2024-08-13,182.38,South
CUST_109,2024-08-14,666.3,East
CUST_086,2024-08-14,302.94,East
CUST_021,2024-08-15,134.25,East
CUST_030,2024-08-15,174.77,East
CUST_071,2024-08-16,431.32,West
CUST_060,2024-08-16,86.45,South
CUST_088,2024-08-17,279.31,North
CUST_009,2024-08-17,557.56,South
CUST_071,2024-08-18,93.33,East
CUST_073,2024-08-18,205.6,South
CUST_070,2024-08-18,426.0,South
CUST_019,2024-08-18,370.8,North
CUST_096,2024-08-19,230.88,South
CUST_034,2024-08-19,174.66,East
CUST_109,2024-08-19,744.31,East
CUST_068,2024-08-19,353.26,South
CUST_117,2024-08-19,858.61,West
CUST_008,2024-08-20,186.07,East
CUST_093,2024-08-20,383.56,South
CUST_090,2024-08-20,140.54,South
CUST_011,2024-08-21,422.36,North
CUST_010,2024-08-21,451.12,North
CUST_079,2024-08-21,274.17,South
CUST_102,2024-08-21,382.44,West
CUST_107,2024-08-21,235.82,West
CUST_007,2024-08-21,623.91,North
CUST_004,2024-08-22,571.42,South
CUST_091,2024-08-22,198.51,South
CUST_071,2024-08-23,168.3,North
CUST_075,2024-08-23,311.12,West
CUST_043,2024-08-23,97.56,West
CUST_049,2024-08-23,286.75,East
CUST_054,2024-08-23,360.46,East
CUST_012,2024-08-23,338.47,West
CUST_022,2024-08-24,159.6,West
CUST_048,2024-08-24,168.16,North
CUST_067,2024-08-24,522.57,North
CUST_089,2024-08-25,274.97,North
CUST_070,2024-08-26,133.14,South
CUST_047,2024-08-27,296.13,East
CUST_055,2024-08-27,160.43,East
CUST_088,2024-08-27,51.94,North
CUST_048,2024-08-28,496.85,North
CUST_094,2024-08-28,174.32,North
CUST_109,2024-08-28,219.45,North
CUST_062,2024-08-28,144.1,South
CUST_032,2024-08-28,65.83,East
CUST_075,2024-08-28,426.03,North
CUST_101,2024-08-28,403.41,West
CUST_039,2024-08-29,523.33,South
CUST_113,2024-08-29,196.39,East
CUST_069,2024-08-29,442.83,North
CUST_001,2024-08-29,255.02,North
CUST_012,2024-08-29,307.38,South
CUST_016,2024-08-29,257.41,North
CUST_094,2024-08-29,218.39,West
CUST_082,2024-08-29,269.62,North
CUST_051,2024-08-30,140.07,West
CUST_116,2024-08-30,118.78,East
CUST_032,2024-08-30,196.7,North
CUST_091,2024-08-30,507.09,North
CUST_048,2024-08-30,103.22,West
CUST_007,2024-08-30,43.79,South
CUST_004,2024-08-31,249.52,East
CUST_005,2024-08-31,273.42,South
CUST_001,2024-08-31,112.55,North
CUST_111,2024-08-31,148.0,West
CUST_051,2024-08-31,238.41,East
CUST_008,2024-09-01,563.58,East
CUST_002,2024-09-01,461.48,South
CUST_098,2024-09-01,243.64,West
CUST_098,2024-09-01,371.22,East
CUST_087,2024-09-01,524.36,North
CUST_040,2024-09-01,156.73,West
CUST_064,2024-09-02,116.72,West
CUST_022,2024-09-02,55.31,North
CUST_005,2024-09-02,110.89,West
CUST_012,2024-09-02,127.9,East
CUST_047,2024-09-02,116.39,North
CUST_040,2024-09-02,312.71,West
CUST_033,2024-09-02,344.36,South
CUST_085,2024-09-02,158.05,North
CUST_013,2024-09-03,543.18,East
CUST_047,2024-09-03,115.4,West
CUST_119,2024-09-03,182.0,East
CUST_111,2024-09-03,99.48,West
CUST_036,2024-09-03,132.73,South
CUST_005,2024-09-04,285.22,South
CUST_049,2024-09-04,442.79,East
CUST_051,2024-09-04,312.68,South
CUST_026,2024-09-05,332.9,North
CUST_011,2024-09-05,533.43,North
CUST_077,2024-09-05,310.29,South
CUST_061,2024-09-06,189.04,West
CUST_092,2024-09-06,590.0,West
CUST_079,2024-09-06,649.29,East
CUST_032,2024-09-06,173.01,North
CUST_052,2024-09-07,336.07,North
CUST_008,2024-09-07,347.2,East
CUST_041,2024-09-07,287.76,West
CUST_088,2024-09-07,469.82,South
CUST_009,2024-09-07,318.44,West
CUST_112,2024-09-08,446.07,West
CUST_021,2024-09-08,473.19,East
CUST_057,2024-09-08,258.59,West
CUST_027,2024-09-09,54.12,West
CUST_078,2024-09-09,204.16,North
CUST_107,2024-09-09,196.5,West
CUST_113,2024-09-09,315.13,East
CUST_103,2024-09-09,62.74,South
CUST_020,2024-09-09,185.01,North
CUST_086,2024-09-09,146.54,South
CUST_111,2024-09-10,245.58,West
CUST_063,2024-09-10,199.59,South
CUST_112,2024-09-10,385.25,West
CUST_071,2024-09-11,287.1,South
CUST_071,2024-09-11,214.29,North
CUST_075,2024-09-11,535.62,South
CUST_023,2024-09-11,462.34,South
CUST_065,2024-09-12,181.06,West
CUST_075,2024-09-12,53.24,South
CUST_059,2024-09-12,255.3,East
CUST_077,2024-09-12,295.02,East
CUST_037,2024-09-12,568.16,West
CUST_104,2024-09-12,245.51,South
CUST_033,2024-09-13,191.04,East
CUST_093,2024-09-13,368.83,South
CUST_008,2024-09-13,377.98,East
CUST_094,2024-09-13,259.8,East
CUST_033,2024-09-13,1009.51,North
CUST_049,2024-09-13,237.98,East
CUST_037,2024-09-14,186.87,East
CUST_093,2024-09-14,134.72,North
CUST_063,2024-09-15,246.2,North
CUST_036,2024-09-15,325.31,North
CUST_008,2024-09-15,437.91,North
CUST_088,2024-09-16,290.59,South
CUST_118,2024-09-16,100.88,North
CUST_115,2024-09-16,256.15,South
CUST_074,2024-09-17,802.74,East
CUST_054,2024-09-17,65.78,South
CUST_115,2024-09-18,612.3,West
CUST_060,2024-09-18,145.62,West
CUST_074,2024-09-18,441.92,North
CUST_045,2024-09-19,531.07,West
CUST_069,2024-09-19,506.31,East
CUST_020,2024-09-19,410.25,West
CUST_038,2024-09-19,559.15,West
CUST_092,2024-09-20,314.02,North
CUST_112,2024-09-20,197.51,West
CUST_027,2024-09-20,361.43,South
CUST_017,2024-09-21,224.16,West
CUST_042,2024-09-21,430.93,East
CUST_104,2024-09-21,289.96,North
CUST_065,2024-09-21,266.33,West
CUST_099,2024-09-21,564.88,South
CUST_068,2024-09-21,243.05,North
CUST_045,2024-09-21,226.1,East
CUST_080,2024-09-22,93.39,North
CUST_062,2024-09-22,181.25,South
CUST_070,2024-09-22,66.87,East
CUST_019,2024-09-22,336.93,South
CUST_002,2024-09-23,110.44,East
CUST_071,2024-09-25,441.8,South
CUST_064,2024-09-25,805.5,West
CUST_086,2024-09-25,406.31,West
CUST_032,2024-09-25,131.12,North
CUST_039,2024-09-25,531.23,East
CUST_084,2024-09-25,244.79,West
CUST_113,2024-09-26,265.47,East
CUST_104,2024-09-26,389.57,West
CUST_081,2024-09-27,266.32,East
CUST_026,2024-09-28,455.49,West
CUST_006,2024-09-29,358.69,South
CUST_002,2024-09-29,194.13,North
CUST_032,2024-09-29,199.95,North
CUST_074,2024-09-29,201.85,East
CUST_048,2024-09-30,119.89,West
CUST_049,2024-09-30,157.39,South
CUST_091,2024-09-30,296.29,North
CUST_003,2024-09-30,311.02,North
CUST_040,2024-09-30,269.13,East
CUST_062,2024-10-01,440.79,East
CUST_059,2024-10-01,437.24,South
CUST_036,2024-10-02,43.96,East
CUST_095,2024-10-02,127.03,North
CUST_120,2024-10-03,567.69,North
CUST_018,2024-10-03,238.91,South
CUST_092,2024-10-04,71.43,East
CUST_022,2024-10-04,124.07,West
CUST_009,2024-10-04,396.3,North
CUST_075,2024-10-05,288.41,West
CUST_059,2024-10-05,27.73,South
CUST_042,2024-10-05,385.89,South
CUST_044,2024-10-05,135.79,South
CUST_063,2024-10-06,384.25,East
CUST_088,2024-10-06,531.01,East
CUST_109,2024-10-06,533.11,East
CUST_039,2024-10-07,734.38,West
CUST_111,2024-10-07,771.97,East
CUST_027,2024-10-07,407.05,South
CUST_101,2024-10-07,121.13,North
CUST_093,2024-10-09,229.4,South
CUST_096,2024-10-10,341.13,East
CUST_043,2024-10-10,260.33,North
CUST_003,2024-10-10,57.55,West
CUST_034,2024-10-10,286.78,North
CUST_035,2024-10-10,206.6,West
CUST_028,2024-10-11,110.26,West
CUST_001,2024-10-11,187.1,South
CUST_055,2024-10-11,197.54,West
CUST_115,2024-10-11,246.54,West
CUST_087,2024-10-11,148.88,South
CUST_044,2024-10-12,401.11,North
CUST_097,2024-10-12,305.36,North
CUST_104,2024-10-13,222.36,West
CUST_086,2024-10-13,279.55,South
CUST_031,2024-10-13,180.42,East
CUST_015,2024-10-14,162.97,East
CUST_118,2024-10-14,358.63,East
CUST_061,2024-10-14,252.08,West
CUST_015,2024-10-14,290.7,North
CUST_108,2024-10-14,361.67,East
CUST_094,2024-10-15,421.57,South
CUST_073,2024-10-15,309.28,West
CUST_034,2024-10-15,160.18,West
CUST_014,2024-10-16,263.86,West
CUST_099,2024-10-16,116.96,North
CUST_023,2024-10-16,184.4,North
CUST_085,2024-10-17,56.7,North
CUST_040,2024-10-17,392.56,West
CUST_081,2024-10-18,115.71,North
CUST_015,2024-10-18,36.74,South
CUST_049,2024-10-19,182.83,West
CUST_088,2024-10-19,160.06,West
CUST_087,2024-10-19,92.14,West
CUST_092,2024-10-19,155.75,South
CUST_016,2024-10-19,356.25,West
CUST_031,2024-10-19,727.02,South
CUST_008,2024-10-19,197.35,South
CUST_027,2024-10-19,442.43,East
CUST_009,2024-10-19,197.68,West
CUST_024,2024-10-20,158.28,North
CUST_072,2024-10-20,81.11,South
CUST_088,2024-10-21,248.61,East
CUST_099,2024-10-21,42.16,North
CUST_049,2024-10-21,245.58,North
CUST_101,2024-10-21,438.95,North
CUST_069,2024-10-21,462.18,North
CUST_007,2024-10-22,191.47,West
CUST_028,2024-10-22,584.45,South
CUST_005,2024-10-22,264.72,East
CUST_063,2024-10-22,331.61,West
CUST_068,2024-10-22,593.52,East
CUST_101,2024-10-22,220.47,North
CUST_016,2024-10-23,92.41,West
CUST_080,2024-10-23,345.19,North
CUST_035,2024-10-23,204.95,East
CUST_015,2024-10-23,222.35,South
CUST_062,2024-10-23,254.27,West
CUST_092,2024-10-24,235.97,West
CUST_008,2024-10-24,130.68,West
CUST_048,2024-10-24,147.09,West
CUST_038,2024-10-24,575.81,North
CUST_071,2024-10-24,321.83,East
CUST_070,2024-10-24,45.02,West
CUST_095,2024-10-24,302.89,West
CUST_010,2024-10-24,203.46,West
CUST_096,2024-10-25,350.99,North
CUST_092,2024-10-25,456.93,East
CUST_087,2024-10-25,24.64,East
CUST_035,2024-10-26,163.57,East
CUST_054,2024-10-26,281.94,North
CUST_094,2024-10-26,458.5,South
CUST_026,2024-10-27,484.67,South
CUST_106,2024-10-27,232.68,South
CUST_069,2024-10-27,482.07,North
CUST_107,2024-10-27,308.76,East
CUST_009,2024-10-27,40.1,North
CUST_028,2024-10-28,123.77,East
CUST_008,2024-10-28,234.87,North
CUST_001,2024-10-29,397.76,East
CUST_056,2024-10-29,316.57,West
CUST_075,2024-10-30,251.16,North
CUST_116,2024-10-30,284.97,South
CUST_105,2024-10-31,202.37,West
CUST_103,2024-10-31,126.28,South
CUST_090,2024-10-31,157.97,East
CUST_020,2024-11-01,51.75,East
CUST_069,2024-11-01,266.84,North
CUST_082,2024-11-02,291.77,North
CUST_014,2024-11-02,374.09,South
CUST_090,2024-11-02,632.24,South
CUST_011,2024-11-03,320.23,North
CUST_035,2024-11-03,647.38,West
CUST_042,2024-11-04,289.47,North
CUST_056,2024-11-04,217.19,West
CUST_109,2024-11-04,136.34,East
CUST_082,2024-11-04,418.71,West
CUST_063,2024-11-05,220.29,South
CUST_109,2024-11-05,161.98,East
CUST_084,2024-11-05,349.04,South
CUST_119,2024-11-05,123.25,South
CUST_067,2024-11-05,509.51,North
CUST_026,2024-11-06,884.25,West
CUST_084,2024-11-06,261.29,West
CUST_009,2024-11-07,219.13,East
CUST_095,2024-11-07,474.3,North
CUST_053,2024-11-07,299.95,North
CUST_069,2024-11-08,387.1,South
CUST_099,2024-11-08,177.64,North
CUST_053,2024-11-08,441.76,West
CUST_026,2024-11-08,311.27,North
CUST_089,2024-11-09,245.27,South
CUST_028,2024-11-09,715.64,West
CUST_009,2024-11-09,169.73,West
CUST_116,2024-11-09,476.49,South
CUST_005,2024-11-10,130.69,South
CUST_031,2024-11-10,704.62,North
CUST_106,2024-11-10,112.66,North
CUST_030,2024-11-10,138.72,South
CUST_032,2024-11-11,254.25,South
CUST_054,2024-11-11,130.59,North
CUST_068,2024-11-12,444.15,North
CUST_046,2024-11-12,70.71,East
CUST_100,2024-11-12,373.19,East
CUST_028,2024-11-13,208.17,West
CUST_052,2024-11-13,159.05,North
CUST_120,2024-11-13,179.72,South
CUST_101,2024-11-13,253.31,West
CUST_035,2024-11-15,87.81,East
CUST_071,2024-11-15,203.63,East
CUST_045,2024-11-15,529.7,South
CUST_116,2024-11-15,80.24,West
CUST_059,2024-11-15,179.6,North
CUST_004,2024-11-15,238.09,West
CUST_069,2024-11-15,302.58,West
CUST_072,2024-11-16,316.76,West
CUST_114,2024-11-16,303.48,South
CUST_007,2024-11-16,208.96,East
CUST_018,2024-11-16,97.1,South
CUST_082,2024-11-17,240.21,South
CUST_005,2024-11-17,564.55,South
CUST_094,2024-11-17,465.21,East
CUST_105,2024-11-18,548.19,North
CUST_103,2024-11-18,50.2,South
CUST_018,2024-11-18,51.65,West
CUST_079,2024-11-18,250.6,West
CUST_002,2024-11-18,170.97,East
CUST_022,2024-11-18,663.68,West
CUST_015,2024-11-20,258.0,West
CUST_067,2024-11-20,293.46,East
CUST_075,2024-11-20,163.55,West
CUST_002,2024-11-21,496.11,East
CUST_114,2024-11-21,337.17,West
CUST_102,2024-11-21,39.54,South
CUST_088,2024-11-21,312.78,South
CUST_117,2024-11-22,57.37,North
CUST_090,2024-11-22,163.41,East
CUST_062,2024-11-22,310.35,North
CUST_047,2024-11-22,177.07,North
CUST_070,2024-11-23,448.88,North
CUST_030,2024-11-23,270.74,East
CUST_026,2024-11-23,167.86,South
CUST_045,2024-11-23,199.99,West
CUST_065,2024-11-23,518.7,South
CUST_043,2024-11-23,234.02,East
CUST_008,2024-11-24,396.03,West
CUST_106,2024-11-24,503.17,East
CUST_001,2024-11-24,246.65,East
CUST_021,2024-11-24,141.89,North
CUST_089,2024-11-24,493.46,West
CUST_016,2024-11-24,795.08,South
CUST_093,2024-11-24,435.74,South
CUST_049,2024-11-24,316.6,East
CUST_015,2024-11-25,330.85,North
CUST_053,2024-11-25,774.37,West
CUST_035,2024-11-25,244.45,North
CUST_086,2024-11-26,111.16,East
CUST_006,2024-11-26,290.58,East
CUST_021,2024-11-26,495.55,West
CUST_078,2024-11-26,414.87,East
CUST_078,2024-11-27,802.35,South
CUST_069,2024-11-27,238.52,North
CUST_095,2024-11-28,723.87,West
CUST_019,2024-11-28,116.7,South
CUST_038,2024-11-28,275.35,South
CUST_077,2024-11-29,225.07,West
CUST_054,2024-11-29,123.78,North
CUST_090,2024-11-29,890.66,East
CUST_006,2024-11-29,55.97,East
CUST_090,2024-11-29,42.58,South
CUST_007,2024-11-29,318.97,West
CUST_038,2024-11-29,228.84,West
CUST_038,2024-11-29,202.47,West
CUST_040,2024-11-29,135.41,South
CUST_036,2024-11-30,410.6,East
CUST_074,2024-11-30,386.41,North
CUST_098,2024-11-30,70.8,West
CUST_004,2024-11-30,251.44,East
CUST_109,2024-11-30,730.01,North
CUST_115,2024-12-01,257.97,South
CUST_056,2024-12-01,272.73,North
CUST_105,2024-12-02,281.83,North
CUST_003,2024-12-02,43.9,South
CUST_086,2024-12-02,359.12,South
CUST_050,2024-12-02,325.17,South
CUST_056,2024-12-02,125.38,South
CUST_012,2024-12-02,57.7,West
CUST_032,2024-12-03,158.6,North
CUST_076,2024-12-03,218.4,East
CUST_105,2024-12-04,390.22,South
CUST_038,2024-12-04,152.73,South
CUST_065,2024-12-04,666.31,East
CUST_024,2024-12-04,378.7,North
CUST_070,2024-12-05,437.55,West
CUST_002,2024-12-06,155.82,East
CUST_009,2024-12-07,383.39,East
CUST_064,2024-12-08,361.57,West
CUST_099,2024-12-08,174.57,South
CUST_009,2024-12-08,371.6,North
CUST_087,2024-12-09,315.74,North
CUST_051,2024-12-09,398.47,South
CUST_105,2024-12-09,177.12,West
CUST_108,2024-12-09,197.7,South
CUST_059,2024-12-09,113.43,South
CUST_044,2024-12-09,257.15,South
CUST_008,2024-12-10,405.26,North
CUST_103,2024-12-10,228.32,North
CUST_109,2024-12-10,344.19,North
CUST_110,2024-12-11,175.42,West
CUST_040,2024-12-11,111.13,South
CUST_010,2024-12-12,270.18,South
CUST_059,2024-12-12,144.95,East
CUST_013,2024-12-12,263.62,South
CUST_063,2024-12-12,319.06,West
CUST_013,2024-12-12,256.41,East
CUST_069,2024-12-12,448.12,North
CUST_045,2024-12-13,128.71,East
CUST_042,2024-12-13,109.4,East
CUST_023,2024-12-14,100.34,North
CUST_105,2024-12-14,193.39,East
CUST_041,2024-12-14,646.1,West
CUST_029,2024-12-15,271.54,East
CUST_040,2024-12-15,489.25,West
CUST_005,2024-12-15,438.05,West
CUST_108,2024-12-15,78.92,West
CUST_059,2024-12-16,539.73,North
CUST_003,2024-12-16,378.75,West
CUST_059,2024-12-16,132.84,North
CUST_096,2024-12-17,71.16,North
CUST_039,2024-12-17,342.1,East
CUST_024,2024-12-18,110.09,West
CUST_053,2024-12-18,152.84,East
CUST_056,2024-12-18,163.39,South
CUST_055,2024-12-18,287.07,West
CUST_105,2024-12-19,448.0,North
CUST_105,2024-12-20,107.85,North
CUST_026,2024-12-20,351.65,East
CUST_055,2024-12-20,186.81,East
CUST_023,2024-12-20,173.21,East
CUST_078,2024-12-20,314.29,North
CUST_096,2024-12-20,51.21,North
CUST_098,2024-12-20,332.69,North
CUST_017,2024-12-20,273.94,West
CUST_007,2024-12-20,93.99,West
CUST_040,2024-12-20,656.83,West
CUST_101,2024-12-20,54.44,South
CUST_040,2024-12-21,315.48,West
CUST_053,2024-12-21,422.11,West
CUST_110,2024-12-21,131.57,West
CUST_075,2024-12-21,281.54,North
CUST_093,2024-12-21,273.55,West
CUST_013,2024-12-21,301.49,West
CUST_058,2024-12-21,340.46,West
CUST_092,2024-12-21,504.35,North
CUST_006,2024-12-22,200.49,East
CUST_030,2024-12-22,319.75,North
CUST_113,2024-12-22,129.02,North
CUST_073,2024-12-22,509.07,West
CUST_042,2024-12-22,155.48,North
CUST_008,2024-12-22,439.31,North
CUST_014,2024-12-23,219.67,North
CUST_035,2024-12-24,501.91,North
CUST_018,2024-12-24,433.36,East
CUST_055,2024-12-24,412.85,North
CUST_021,2024-12-24,124.25,North
CUST_063,2024-12-25,170.92,West
CUST_004,2024-12-25,157.79,East
CUST_060,2024-12-26,471.09,South
CUST_119,2024-12-26,357.84,North
CUST_097,2024-12-26,397.38,North
CUST_117,2024-12-26,296.71,East
CUST_117,2024-12-26,394.61,West
CUST_119,2024-12-26,135.29,West
CUST_111,2024-12-26,264.72,North
CUST_004,2024-12-26,363.71,East
CUST_050,2024-12-26,214.18,North
CUST_069,2024-12-26,202.12,South
CUST_111,2024-12-27,422.57,East
CUST_082,2024-12-27,415.15,North
CUST_084,2024-12-27,160.29,West
CUST_051,2024-12-28,225.13,North
CUST_101,2024-12-28,349.25,South
CUST_025,2024-12-28,216.23,South
CUST_090,2024-12-28,224.13,North
CUST_068,2024-12-28,141.03,South
CUST_084,2024-12-29,321.56,West
CUST_001,2024-12-29,339.06,East
CUST_102,2024-12-30,370.96,East
CUST_038,2024-12-30,502.36,West
CUST_073,2024-12-30,315.21,East
CUST_033,2024-12-30,440.44,North
CUST_058,2024-12-31,202.04,West
CUST_037,2024-12-31,376.51,East
CUST_012,2024-12-31,106.33,North
CUST_072,2024-12-31,198.37,North
CUST_032,2025-01-01,372.93,West
CUST_006,2025-01-01,295.22,South
CUST_011,2025-01-01,135.92,West
CUST_017,2025-01-01,682.92,South
CUST_114,2025-01-01,555.99,West
CUST_019,2025-01-01,51.02,West
CUST_093,2025-01-01,212.98,South
CUST_061,2025-01-02,662.8,East
CUST_011,2025-01-02,188.62,North
CUST_118,2025-01-02,414.29,West
CUST_003,2025-01-02,708.58,North
CUST_076,2025-01-03,318.99,West
CUST_018,2025-01-03,491.4,East
CUST_120,2025-01-03,291.31,South
CUST_051,2025-01-04,307.82,South
CUST_062,2025-01-04,775.12,South
CUST_007,2025-01-04,195.86,North
CUST_064,2025-01-04,300.06,East
CUST_098,2025-01-05,152.02,South
CUST_080,2025-01-05,51.69,North
CUST_033,2025-01-05,291.06,East
CUST_106,2025-01-05,60.41,East
CUST_063,2025-01-06,288.9,North
CUST_108,2025-01-06,288.08,South
CUST_078,2025-01-07,149.58,East
CUST_108,2025-01-07,684.99,South
CUST_082,2025-01-07,466.64,East
CUST_107,2025-01-07,272.88,East
CUST_012,2025-01-08,230.35,South
CUST_026,2025-01-08,99.48,East
CUST_029,2025-01-08,250.83,East
CUST_011,2025-01-09,721.44,South
CUST_057,2025-01-10,528.02,West
CUST_054,2025-01-11,773.32,South
CUST_051,2025-01-11,836.3,South
CUST_025,2025-01-11,167.52,South
CUST_018,2025-01-11,349.86,North
CUST_029,2025-01-12,156.46,East
CUST_109,2025-01-12,391.3,South
CUST_016,2025-01-12,369.56,West
CUST_053,2025-01-13,172.14,North
CUST_067,2025-01-13,167.51,East
CUST_055,2025-01-14,301.01,South
CUST_001,2025-01-15,88.02,East
CUST_067,2025-01-15,81.71,North
CUST_081,2025-01-15,256.62,South
CUST_098,2025-01-16,185.83,West
CUST_026,2025-01-16,368.84,North
CUST_090,2025-01-16,109.91,South
CUST_004,2025-01-17,151.61,East
CUST_076,2025-01-17,268.1,West
CUST_003,2025-01-17,190.89,South
CUST_114,2025-01-17,381.98,North
CUST_064,2025-01-17,19.31,North
CUST_064,2025-01-18,785.01,North
CUST_115,2025-01-18,490.84,West
CUST_110,2025-01-18,370.73,North
CUST_041,2025-01-18,245.79,East
CUST_055,2025-01-19,212.64,South
CUST_079,2025-01-19,376.29,West
CUST_111,2025-01-19,249.48,West
CUST_060,2025-01-19,73.31,East
CUST_095,2025-01-20,439.35,South
CUST_090,2025-01-20,266.43,East
CUST_105,2025-01-20,56.8,East
CUST_083,2025-01-20,725.79,West
CUST_036,2025-01-20,93.79,North
CUST_103,2025-01-21,347.45,North
CUST_114,2025-01-21,411.59,South
CUST_075,2025-01-21,357.07,East
CUST_003,2025-01-22,267.07,West
CUST_078,2025-01-22,333.12,East
CUST_093,2025-01-22,440.34,South
CUST_017,2025-01-23,133.84,South
CUST_111,2025-01-23,426.25,South
CUST_001,2025-01-23,292.26,North
CUST_099,2025-01-23,686.1,South
CUST_001,2025-01-24,355.99,South
CUST_014,2025-01-24,613.53,South
CUST_072,2025-01-25,486.57,North
CUST_098,2025-01-25,220.89,East
CUST_081,2025-01-25,438.16,West
CUST_055,2025-01-25,828.43,West
CUST_100,2025-01-26,367.89,East
CUST_041,2025-01-26,206.94,East
CUST_064,2025-01-26,159.6,East
CUST_035,2025-01-27,397.35,West
CUST_095,2025-01-27,498.0,West
CUST_043,2025-01-27,485.28,West
CUST_044,2025-01-27,188.23,West
CUST_009,2025-01-27,122.07,East
CUST_089,2025-01-27,282.38,South
CUST_117,2025-01-27,477.53,East
CUST_058,2025-01-27,277.92,North
CUST_093,2025-01-27,1338.38,West
CUST_096,2025-01-27,597.12,North
CUST_070,2025-01-27,384.31,South
CUST_039,2025-01-28,474.45,North
CUST_014,2025-01-28,373.98,South
CUST_108,2025-01-28,266.37,West
CUST_090,2025-01-30,372.1,East
CUST_052,2025-01-30,249.94,North
CUST_040,2025-01-30,48.66,West
CUST_018,2025-01-30,362.97,South
CUST_057,2025-01-31,232.84,East
CUST_036,2025-01-31,549.13,West
CUST_039,2025-02-01,152.56,West
CUST_101,2025-02-01,256.29,West
CUST_038,2025-02-01,280.28,North
CUST_033,2025-02-01,211.74,East
CUST_108,2025-02-01,226.27,South
CUST_059,2025-02-03,322.09,South
CUST_091,2025-02-03,191.34,West
CUST_074,2025-02-03,363.98,South
CUST_037,2025-02-03,141.98,South
CUST_020,2025-02-03,115.65,South
CUST_116,2025-02-04,280.37,North
CUST_023,2025-02-04,339.47,North
CUST_045,2025-02-04,341.59,West
CUST_104,2025-02-05,135.99,West
CUST_027,2025-02-06,506.21,West
CUST_087,2025-02-06,347.82,South
CUST_098,2025-02-06,357.95,South
CUST_037,2025-02-06,180.78,West
CUST_015,2025-02-06,101.16,East
CUST_046,2025-02-07,336.88,North
CUST_040,2025-02-08,454.01,West
CUST_036,2025-02-08,73.92,West
CUST_021,2025-02-08,335.33,South
CUST_109,2025-02-09,109.07,East
CUST_093,2025-02-09,290.19,West
CUST_072,2025-02-10,65.74,South
CUST_098,2025-02-10,59.72,East
CUST_023,2025-02-10,272.05,South
CUST_101,2025-02-10,181.25,East
CUST_065,2025-02-11,273.52,West
CUST_113,2025-02-12,414.69,West
CUST_072,2025-02-13,425.17,North
CUST_037,2025-02-13,359.21,West
CUST_014,2025-02-14,304.64,West
CUST_037,2025-02-14,183.35,West
CUST_112,2025-02-14,221.9,North
CUST_105,2025-02-14,290.83,North
CUST_023,2025-02-15,168.89,North
CUST_117,2025-02-16,146.11,South
CUST_120,2025-02-16,529.5,South
CUST_117,2025-02-16,333.74,North
CUST_004,2025-02-17,222.43,West
CUST_056,2025-02-17,302.59,West
CUST_064,2025-02-17,308.13,South
CUST_016,2025-02-18,366.04,South
CUST_022,2025-02-18,246.86,North
CUST_006,2025-02-18,656.35,West
CUST_054,2025-02-19,645.28,North
CUST_024,2025-02-19,835.2,East
CUST_118,2025-02-19,428.89,West
CUST_017,2025-02-19,168.97,West
CUST_092,2025-02-19,474.47,West
CUST_077,2025-02-19,333.72,South
CUST_067,2025-02-20,199.57,West
CUST_059,2025-02-20,160.53,East
CUST_120,2025-02-21,238.37,South
CUST_061,2025-02-21,188.55,North
CUST_053,2025-02-21,335.5,West
CUST_049,2025-02-21,121.07,South
CUST_116,2025-02-21,291.56,South
CUST_102,2025-02-21,297.22,South
CUST_067,2025-02-21,418.98,South
CUST_068,2025-02-22,604.64,East
CUST_036,2025-02-22,191.95,East
CUST_105,2025-02-22,263.93,South
CUST_067,2025-02-23,78.03,South
CUST_002,2025-02-23,384.59,North
CUST_110,2025-02-23,230.24,North
CUST_111,2025-02-23,186.41,East
CUST_024,2025-02-23,112.55,West
CUST_064,2025-02-23,106.45,North
CUST_107,2025-02-23,284.91,East
CUST_044,2025-02-25,419.07,West
CUST_005,2025-02-25,768.63,East
CUST_116,2025-02-25,205.31,East
CUST_119,2025-02-25,249.61,South
CUST_108,2025-02-26,104.08,South
CUST_015,2025-02-26,39.55,East
CUST_060,2025-02-26,457.85,North
CUST_026,2025-02-26,311.26,West
CUST_066,2025-02-27,256.03,East
CUST_038,2025-02-27,500.64,North
CUST_119,2025-02-27,229.38,West
CUST_070,2025-02-28,373.17,North
CUST_089,2025-02-28,121.34,North
CUST_098,2025-02-28,54.78,West
CUST_044,2025-02-28,314.31,West
CUST_068,2025-02-28,241.05,North
CUST_029,2025-02-28,297.68,West
CUST_008,2025-03-01,494.29,West
CUST_005,2025-03-01,144.52,North
CUST_053,2025-03-01,328.0,North
CUST_041,2025-03-01,218.91,West
CUST_008,2025-03-01,230.11,North
CUST_006,2025-03-01,287.14,South
CUST_113,2025-03-01,17.69,West
CUST_033,2025-03-02,142.56,North
CUST_073,2025-03-02,275.72,South
CUST_011,2025-03-02,276.14,East
CUST_039,2025-03-03,493.47,West
CUST_074,2025-03-03,312.26,East
CUST_115,2025-03-04,377.87,North
CUST_087,2025-03-04,215.77,East
CUST_013,2025-03-04,10.0,East
CUST_089,2025-03-04,520.94,North
CUST_052,2025-03-04,398.32,West
CUST_028,2025-03-05,235.33,North
CUST_119,2025-03-05,243.29,South
CUST_052,2025-03-05,150.05,North
CUST_054,2025-03-05,148.69,East
CUST_009,2025-03-06,545.03,East
CUST_104,2025-03-06,318.55,South
CUST_044,2025-03-06,77.62,East
CUST_087,2025-03-06,450.64,North
CUST_092,2025-03-06,463.71,West
CUST_111,2025-03-07,362.91,South
CUST_116,2025-03-07,183.38,North
CUST_032,2025-03-07,221.05,West
CUST_095,2025-03-08,430.24,East
CUST_099,2025-03-08,159.32,West
CUST_001,2025-03-08,142.07,West
CUST_027,2025-03-09,378.32,South
CUST_053,2025-03-09,223.54,North
CUST_009,2025-03-09,568.45,South
CUST_112,2025-03-09,281.14,South
CUST_034,2025-03-10,343.62,East
CUST_008,2025-03-10,520.98,South
CUST_097,2025-03-10,170.61,East
CUST_072,2025-03-10,53.47,South
CUST_014,2025-03-10,250.19,West
CUST_036,2025-03-12,245.61,East
CUST_033,2025-03-12,192.65,South
CUST_059,2025-03-12,117.74,South
CUST_045,2025-03-12,419.04,East
CUST_031,2025-03-12,312.64,South
CUST_013,2025-03-13,369.52,South
CUST_088,2025-03-13,393.39,East
CUST_080,2025-03-13,439.68,North
CUST_065,2025-03-13,475.56,South
CUST_111,2025-03-14,129.29,West
CUST_053,2025-03-14,357.68,North
CUST_035,2025-03-14,235.2,West
CUST_071,2025-03-14,381.08,West
CUST_101,2025-03-14,490.83,South
CUST_083,2025-03-14,327.69,South
CUST_100,2025-03-15,76.74,East
CUST_040,2025-03-15,387.63,East
CUST_016,2025-03-15,316.23,South
CUST_098,2025-03-16,181.54,East
CUST_019,2025-03-16,150.14,West
CUST_028,2025-03-16,303.21,South
CUST_062,2025-03-17,234.8,South
CUST_069,2025-03-17,282.92,North
CUST_120,2025-03-17,547.13,South
CUST_094,2025-03-17,59.89,West
CUST_042,2025-03-18,88.95,West
CUST_035,2025-03-18,263.58,North
CUST_043,2025-03-18,681.84,West
CUST_095,2025-03-18,172.97,East
CUST_039,2025-03-18,462.35,West
CUST_027,2025-03-18,535.96,West
CUST_019,2025-03-19,203.44,North
CUST_092,2025-03-20,330.05,East
CUST_026,2025-03-20,910.75,South
CUST_013,2025-03-20,139.2,West
CUST_081,2025-03-20,421.06,West
CUST_093,2025-03-20,342.9,East
CUST_047,2025-03-21,201.41,South
CUST_005,2025-03-21,427.67,West
CUST_114,2025-03-21,492.39,South
CUST_078,2025-03-21,413.71,South
CUST_107,2025-03-23,220.62,West
CUST_067,2025-03-23,271.74,West
CUST_095,2025-03-23,149.94,West
CUST_013,2025-03-24,225.3,North
CUST_007,2025-03-24,142.66,West
CUST_026,2025-03-24,288.71,North
CUST_033,2025-03-24,205.46,West
CUST_023,2025-03-25,222.82,North
CUST_069,2025-03-26,298.77,North
CUST_085,2025-03-26,576.06,North
CUST_115,2025-03-27,119.58,East
CUST_115,2025-03-27,168.8,North
CUST_115,2025-03-27,26.41,South
CUST_052,2025-03-27,185.53,West
CUST_044,2025-03-27,313.11,North
CUST_090,2025-03-28,483.88,East
CUST_117,2025-03-28,384.64,East
CUST_104,2025-03-29,370.01,South
CUST_009,2025-03-29,49.24,South
CUST_100,2025-03-29,129.7,North
CUST_075,2025-03-30,110.56,East
CUST_106,2025-03-30,167.98,South
CUST_039,2025-03-30,141.66,South
CUST_006,2025-03-31,330.58,East
CUST_039,2025-03-31,331.15,North
